# x [m]	intensity (normalized)
-0.001	0.00496407
-0.00099975	0.00496299
-0.0009995	0.00496167
-0.00099925	0.00496011
-0.000999	0.00495831
-0.00099875	0.00495627
-0.0009985	0.00495399
-0.00099825	0.00495147
-0.000998	0.00494871
-0.00099775	0.00494571
-0.0009975	0.00494247
-0.00099725	0.004939
-0.000997	0.00493528
-0.00099675	0.00493133
-0.0009965	0.00492714
-0.00099625	0.00492271
-0.000995999	0.00491804
-0.000995749	0.00491314
-0.000995499	0.004908
-0.000995249	0.00490263
-0.000994999	0.00489702
-0.000994749	0.00489118
-0.000994499	0.0048851
-0.000994249	0.00487878
-0.000993999	0.00487224
-0.000993749	0.00486546
-0.000993499	0.00485845
-0.000993249	0.00485121
-0.000992999	0.00484373
-0.000992749	0.00483603
-0.000992499	0.0048281
-0.000992249	0.00481994
-0.000991999	0.00481155
-0.000991749	0.00480293
-0.000991499	0.00479409
-0.000991249	0.00478502
-0.000990999	0.00477573
-0.000990749	0.00476621
-0.000990499	0.00475647
-0.000990249	0.00474651
-0.000989999	0.00473633
-0.000989749	0.00472593
-0.000989499	0.00471531
-0.000989249	0.00470447
-0.000988999	0.00469341
-0.000988749	0.00468214
-0.000988499	0.00467066
-0.000988249	0.00465896
-0.000987998	0.00464704
-0.000987748	0.00463492
-0.000987498	0.00462259
-0.000987248	0.00461005
-0.000986998	0.0045973
-0.000986748	0.00458434
-0.000986498	0.00457118
-0.000986248	0.00455782
-0.000985998	0.00454425
-0.000985748	0.00453048
-0.000985498	0.00451651
-0.000985248	0.00450235
-0.000984998	0.00448798
-0.000984748	0.00447343
-0.000984498	0.00445867
-0.000984248	0.00444373
-0.000983998	0.00442859
-0.000983748	0.00441327
-0.000983498	0.00439775
-0.000983248	0.00438206
-0.000982998	0.00436617
-0.000982748	0.0043501
-0.000982498	0.00433386
-0.000982248	0.00431743
-0.000981998	0.00430082
-0.000981748	0.00428404
-0.000981498	0.00426708
-0.000981248	0.00424995
-0.000980998	0.00423264
-0.000980748	0.00421517
-0.000980498	0.00419753
-0.000980248	0.00417973
-0.000979997	0.00416176
-0.000979747	0.00414362
-0.000979497	0.00412533
-0.000979247	0.00410688
-0.000978997	0.00408827
-0.000978747	0.00406951
-0.000978497	0.0040506
-0.000978247	0.00403153
-0.000977997	0.00401232
-0.000977747	0.00399296
-0.000977497	0.00397345
-0.000977247	0.0039538
-0.000976997	0.00393401
-0.000976747	0.00391408
-0.000976497	0.00389402
-0.000976247	0.00387382
-0.000975997	0.00385349
-0.000975747	0.00383302
-0.000975497	0.00381243
-0.000975247	0.00379172
-0.000974997	0.00377088
-0.000974747	0.00374992
-0.000974497	0.00372884
-0.000974247	0.00370764
-0.000973997	0.00368633
-0.000973747	0.0036649
-0.000973497	0.00364337
-0.000973247	0.00362172
-0.000972997	0.00359997
-0.000972747	0.00357812
-0.000972497	0.00355617
-0.000972247	0.00353411
-0.000971996	0.00351196
-0.000971746	0.00348972
-0.000971496	0.00346738
-0.000971246	0.00344496
-0.000970996	0.00342245
-0.000970746	0.00339985
-0.000970496	0.00337717
-0.000970246	0.00335441
-0.000969996	0.00333158
-0.000969746	0.00330866
-0.000969496	0.00328568
-0.000969246	0.00326263
-0.000968996	0.00323951
-0.000968746	0.00321632
-0.000968496	0.00319307
-0.000968246	0.00316976
-0.000967996	0.0031464
-0.000967746	0.00312298
-0.000967496	0.0030995
-0.000967246	0.00307598
-0.000966996	0.00305241
-0.000966746	0.0030288
-0.000966496	0.00300514
-0.000966246	0.00298144
-0.000965996	0.00295771
-0.000965746	0.00293394
-0.000965496	0.00291014
-0.000965246	0.00288631
-0.000964996	0.00286245
-0.000964746	0.00283857
-0.000964496	0.00281467
-0.000964246	0.00279075
-0.000963995	0.00276682
-0.000963745	0.00274287
-0.000963495	0.00271891
-0.000963245	0.00269494
-0.000962995	0.00267096
-0.000962745	0.00264699
-0.000962495	0.00262301
-0.000962245	0.00259903
-0.000961995	0.00257506
-0.000961745	0.0025511
-0.000961495	0.00252715
-0.000961245	0.00250321
-0.000960995	0.00247928
-0.000960745	0.00245538
-0.000960495	0.0024315
-0.000960245	0.00240764
-0.000959995	0.0023838
-0.000959745	0.00236
-0.000959495	0.00233622
-0.000959245	0.00231248
-0.000958995	0.00228878
-0.000958745	0.00226512
-0.000958495	0.0022415
-0.000958245	0.00221793
-0.000957995	0.0021944
-0.000957745	0.00217092
-0.000957495	0.0021475
-0.000957245	0.00212413
-0.000956995	0.00210082
-0.000956745	0.00207758
-0.000956495	0.00205439
-0.000956245	0.00203127
-0.000955994	0.00200822
-0.000955744	0.00198525
-0.000955494	0.00196234
-0.000955244	0.00193952
-0.000954994	0.00191677
-0.000954744	0.00189411
-0.000954494	0.00187153
-0.000954244	0.00184904
-0.000953994	0.00182663
-0.000953744	0.00180433
-0.000953494	0.00178211
-0.000953244	0.00175999
-0.000952994	0.00173798
-0.000952744	0.00171607
-0.000952494	0.00169426
-0.000952244	0.00167256
-0.000951994	0.00165097
-0.000951744	0.0016295
-0.000951494	0.00160814
-0.000951244	0.00158689
-0.000950994	0.00156577
-0.000950744	0.00154478
-0.000950494	0.0015239
-0.000950244	0.00150316
-0.000949994	0.00148255
-0.000949744	0.00146207
-0.000949494	0.00144172
-0.000949244	0.00142152
-0.000948994	0.00140145
-0.000948744	0.00138153
-0.000948494	0.00136175
-0.000948244	0.00134212
-0.000947993	0.00132264
-0.000947743	0.00130332
-0.000947493	0.00128415
-0.000947243	0.00126513
-0.000946993	0.00124628
-0.000946743	0.00122758
-0.000946493	0.00120905
-0.000946243	0.00119069
-0.000945993	0.0011725
-0.000945743	0.00115448
-0.000945493	0.00113663
-0.000945243	0.00111895
-0.000944993	0.00110146
-0.000944743	0.00108414
-0.000944493	0.00106701
-0.000944243	0.00105006
-0.000943993	0.00103329
-0.000943743	0.00101672
-0.000943493	0.00100033
-0.000943243	0.000984141
-0.000942993	0.000968145
-0.000942743	0.000952345
-0.000942493	0.000936744
-0.000942243	0.000921345
-0.000941993	0.000906148
-0.000941743	0.000891157
-0.000941493	0.000876372
-0.000941243	0.000861797
-0.000940993	0.000847432
-0.000940743	0.000833281
-0.000940493	0.000819344
-0.000940243	0.000805623
-0.000939992	0.000792122
-0.000939742	0.00077884
-0.000939492	0.000765781
-0.000939242	0.000752945
-0.000938992	0.000740336
-0.000938742	0.000727954
-0.000938492	0.000715801
-0.000938242	0.000703879
-0.000937992	0.00069219
-0.000937742	0.000680735
-0.000937492	0.000669516
-0.000937242	0.000658535
-0.000936992	0.000647793
-0.000936742	0.000637292
-0.000936492	0.000627033
-0.000936242	0.000617018
-0.000935992	0.000607249
-0.000935742	0.000597726
-0.000935492	0.000588452
-0.000935242	0.000579428
-0.000934992	0.000570655
-0.000934742	0.000562135
-0.000934492	0.000553869
-0.000934242	0.000545858
-0.000933992	0.000538104
-0.000933742	0.000530607
-0.000933492	0.000523371
-0.000933242	0.000516394
-0.000932992	0.00050968
-0.000932742	0.000503228
-0.000932492	0.000497041
-0.000932242	0.000491119
-0.000931991	0.000485463
-0.000931741	0.000480075
-0.000931491	0.000474956
-0.000931241	0.000470106
-0.000930991	0.000465527
-0.000930741	0.000461219
-0.000930491	0.000457185
-0.000930241	0.000453423
-0.000929991	0.000449937
-0.000929741	0.000446725
-0.000929491	0.00044379
-0.000929241	0.000441132
-0.000928991	0.000438752
-0.000928741	0.00043665
-0.000928491	0.000434828
-0.000928241	0.000433286
-0.000927991	0.000432025
-0.000927741	0.000431045
-0.000927491	0.000430347
-0.000927241	0.000429933
-0.000926991	0.000429801
-0.000926741	0.000429954
-0.000926491	0.00043039
-0.000926241	0.000431112
-0.000925991	0.000432119
-0.000925741	0.000433412
-0.000925491	0.000434991
-0.000925241	0.000436857
-0.000924991	0.00043901
-0.000924741	0.00044145
-0.000924491	0.000444178
-0.000924241	0.000447193
-0.00092399	0.000450497
-0.00092374	0.000454089
-0.00092349	0.00045797
-0.00092324	0.000462139
-0.00092299	0.000466597
-0.00092274	0.000471344
-0.00092249	0.00047638
-0.00092224	0.000481704
-0.00092199	0.000487318
-0.00092174	0.000493221
-0.00092149	0.000499413
-0.00092124	0.000505893
-0.00092099	0.000512663
-0.00092074	0.000519721
-0.00092049	0.000527067
-0.00092024	0.000534701
-0.00091999	0.000542624
-0.00091974	0.000550834
-0.00091949	0.000559332
-0.00091924	0.000568117
-0.00091899	0.000577188
-0.00091874	0.000586546
-0.00091849	0.00059619
-0.00091824	0.00060612
-0.00091799	0.000616335
-0.00091774	0.000626834
-0.00091749	0.000637617
-0.00091724	0.000648684
-0.00091699	0.000660034
-0.00091674	0.000671666
-0.00091649	0.00068358
-0.00091624	0.000695775
-0.000915989	0.00070825
-0.000915739	0.000721005
-0.000915489	0.000734038
-0.000915239	0.00074735
-0.000914989	0.000760939
-0.000914739	0.000774804
-0.000914489	0.000788944
-0.000914239	0.00080336
-0.000913989	0.000818048
-0.000913739	0.00083301
-0.000913489	0.000848243
-0.000913239	0.000863747
-0.000912989	0.000879521
-0.000912739	0.000895563
-0.000912489	0.000911872
-0.000912239	0.000928448
-0.000911989	0.000945289
-0.000911739	0.000962394
-0.000911489	0.000979761
-0.000911239	0.00099739
-0.000910989	0.00101528
-0.000910739	0.00103343
-0.000910489	0.00105183
-0.000910239	0.0010705
-0.000909989	0.00108941
-0.000909739	0.00110858
-0.000909489	0.001128
-0.000909239	0.00114768
-0.000908989	0.0011676
-0.000908739	0.00118777
-0.000908489	0.00120818
-0.000908239	0.00122884
-0.000907988	0.00124974
-0.000907738	0.00127089
-0.000907488	0.00129227
-0.000907238	0.00131389
-0.000906988	0.00133575
-0.000906738	0.00135784
-0.000906488	0.00138016
-0.000906238	0.00140271
-0.000905988	0.0014255
-0.000905738	0.00144851
-0.000905488	0.00147174
-0.000905238	0.0014952
-0.000904988	0.00151888
-0.000904738	0.00154278
-0.000904488	0.0015669
-0.000904238	0.00159123
-0.000903988	0.00161578
-0.000903738	0.00164053
-0.000903488	0.0016655
-0.000903238	0.00169067
-0.000902988	0.00171605
-0.000902738	0.00174164
-0.000902488	0.00176742
-0.000902238	0.0017934
-0.000901988	0.00181958
-0.000901738	0.00184596
-0.000901488	0.00187252
-0.000901238	0.00189928
-0.000900988	0.00192622
-0.000900738	0.00195335
-0.000900488	0.00198066
-0.000900238	0.00200815
-0.000899987	0.00203582
-0.000899737	0.00206367
-0.000899487	0.00209169
-0.000899237	0.00211988
-0.000898987	0.00214824
-0.000898737	0.00217677
-0.000898487	0.00220545
-0.000898237	0.0022343
-0.000897987	0.00226331
-0.000897737	0.00229248
-0.000897487	0.00232179
-0.000897237	0.00235126
-0.000896987	0.00238088
-0.000896737	0.00241064
-0.000896487	0.00244055
-0.000896237	0.00247059
-0.000895987	0.00250078
-0.000895737	0.00253109
-0.000895487	0.00256154
-0.000895237	0.00259212
-0.000894987	0.00262283
-0.000894737	0.00265366
-0.000894487	0.00268461
-0.000894237	0.00271568
-0.000893987	0.00274687
-0.000893737	0.00277817
-0.000893487	0.00280957
-0.000893237	0.00284109
-0.000892987	0.00287271
-0.000892737	0.00290443
-0.000892487	0.00293625
-0.000892237	0.00296816
-0.000891986	0.00300017
-0.000891736	0.00303227
-0.000891486	0.00306445
-0.000891236	0.00309672
-0.000890986	0.00312907
-0.000890736	0.00316149
-0.000890486	0.00319399
-0.000890236	0.00322657
-0.000889986	0.00325921
-0.000889736	0.00329192
-0.000889486	0.00332469
-0.000889236	0.00335752
-0.000888986	0.0033904
-0.000888736	0.00342334
-0.000888486	0.00345633
-0.000888236	0.00348937
-0.000887986	0.00352245
-0.000887736	0.00355558
-0.000887486	0.00358874
-0.000887236	0.00362194
-0.000886986	0.00365517
-0.000886736	0.00368843
-0.000886486	0.00372171
-0.000886236	0.00375501
-0.000885986	0.00378834
-0.000885736	0.00382168
-0.000885486	0.00385504
-0.000885236	0.0038884
-0.000884986	0.00392177
-0.000884736	0.00395515
-0.000884486	0.00398853
-0.000884236	0.0040219
-0.000883985	0.00405527
-0.000883735	0.00408862
-0.000883485	0.00412197
-0.000883235	0.0041553
-0.000882985	0.00418861
-0.000882735	0.0042219
-0.000882485	0.00425517
-0.000882235	0.0042884
-0.000881985	0.00432161
-0.000881735	0.00435478
-0.000881485	0.00438791
-0.000881235	0.004421
-0.000880985	0.00445405
-0.000880735	0.00448705
-0.000880485	0.00452
-0.000880235	0.0045529
-0.000879985	0.00458574
-0.000879735	0.00461852
-0.000879485	0.00465123
-0.000879235	0.00468388
-0.000878985	0.00471646
-0.000878735	0.00474897
-0.000878485	0.0047814
-0.000878235	0.00481375
-0.000877985	0.00484602
-0.000877735	0.00487821
-0.000877485	0.0049103
-0.000877235	0.00494231
-0.000876985	0.00497421
-0.000876735	0.00500603
-0.000876485	0.00503773
-0.000876235	0.00506934
-0.000875984	0.00510084
-0.000875734	0.00513223
-0.000875484	0.0051635
-0.000875234	0.00519466
-0.000874984	0.00522569
-0.000874734	0.00525661
-0.000874484	0.0052874
-0.000874234	0.00531806
-0.000873984	0.00534859
-0.000873734	0.00537898
-0.000873484	0.00540923
-0.000873234	0.00543935
-0.000872984	0.00546932
-0.000872734	0.00549914
-0.000872484	0.00552881
-0.000872234	0.00555833
-0.000871984	0.0055877
-0.000871734	0.0056169
-0.000871484	0.00564595
-0.000871234	0.00567483
-0.000870984	0.00570354
-0.000870734	0.00573208
-0.000870484	0.00576044
-0.000870234	0.00578864
-0.000869984	0.00581665
-0.000869734	0.00584448
-0.000869484	0.00587212
-0.000869234	0.00589958
-0.000868984	0.00592685
-0.000868734	0.00595392
-0.000868484	0.0059808
-0.000868234	0.00600748
-0.000867983	0.00603396
-0.000867733	0.00606024
-0.000867483	0.00608631
-0.000867233	0.00611217
-0.000866983	0.00613781
-0.000866733	0.00616325
-0.000866483	0.00618846
-0.000866233	0.00621346
-0.000865983	0.00623823
-0.000865733	0.00626278
-0.000865483	0.0062871
-0.000865233	0.0063112
-0.000864983	0.00633506
-0.000864733	0.00635868
-0.000864483	0.00638207
-0.000864233	0.00640522
-0.000863983	0.00642812
-0.000863733	0.00645078
-0.000863483	0.0064732
-0.000863233	0.00649536
-0.000862983	0.00651728
-0.000862733	0.00653894
-0.000862483	0.00656034
-0.000862233	0.00658149
-0.000861983	0.00660238
-0.000861733	0.006623
-0.000861483	0.00664336
-0.000861233	0.00666345
-0.000860983	0.00668327
-0.000860733	0.00670283
-0.000860483	0.0067221
-0.000860233	0.00674111
-0.000859982	0.00675983
-0.000859732	0.00677828
-0.000859482	0.00679645
-0.000859232	0.00681433
-0.000858982	0.00683193
-0.000858732	0.00684924
-0.000858482	0.00686626
-0.000858232	0.00688299
-0.000857982	0.00689943
-0.000857732	0.00691558
-0.000857482	0.00693143
-0.000857232	0.00694698
-0.000856982	0.00696223
-0.000856732	0.00697719
-0.000856482	0.00699183
-0.000856232	0.00700618
-0.000855982	0.00702022
-0.000855732	0.00703395
-0.000855482	0.00704738
-0.000855232	0.00706049
-0.000854982	0.00707329
-0.000854732	0.00708578
-0.000854482	0.00709795
-0.000854232	0.00710981
-0.000853982	0.00712135
-0.000853732	0.00713258
-0.000853482	0.00714348
-0.000853232	0.00715406
-0.000852982	0.00716432
-0.000852732	0.00717426
-0.000852482	0.00718387
-0.000852232	0.00719316
-0.000851981	0.00720212
-0.000851731	0.00721075
-0.000851481	0.00721906
-0.000851231	0.00722703
-0.000850981	0.00723468
-0.000850731	0.00724199
-0.000850481	0.00724897
-0.000850231	0.00725562
-0.000849981	0.00726193
-0.000849731	0.00726791
-0.000849481	0.00727355
-0.000849231	0.00727886
-0.000848981	0.00728383
-0.000848731	0.00728846
-0.000848481	0.00729276
-0.000848231	0.00729671
-0.000847981	0.00730033
-0.000847731	0.00730361
-0.000847481	0.00730654
-0.000847231	0.00730914
-0.000846981	0.0073114
-0.000846731	0.00731331
-0.000846481	0.00731488
-0.000846231	0.00731611
-0.000845981	0.007317
-0.000845731	0.00731755
-0.000845481	0.00731775
-0.000845231	0.00731761
-0.000844981	0.00731713
-0.000844731	0.0073163
-0.000844481	0.00731513
-0.000844231	0.00731362
-0.00084398	0.00731177
-0.00084373	0.00730957
-0.00084348	0.00730703
-0.00084323	0.00730415
-0.00084298	0.00730092
-0.00084273	0.00729735
-0.00084248	0.00729344
-0.00084223	0.00728919
-0.00084198	0.00728459
-0.00084173	0.00727966
-0.00084148	0.00727438
-0.00084123	0.00726877
-0.00084098	0.00726281
-0.00084073	0.00725652
-0.00084048	0.00724988
-0.00084023	0.00724291
-0.00083998	0.0072356
-0.00083973	0.00722795
-0.00083948	0.00721997
-0.00083923	0.00721164
-0.00083898	0.00720299
-0.00083873	0.007194
-0.00083848	0.00718468
-0.00083823	0.00717502
-0.00083798	0.00716503
-0.00083773	0.00715472
-0.00083748	0.00714407
-0.00083723	0.00713309
-0.00083698	0.00712178
-0.00083673	0.00711015
-0.00083648	0.0070982
-0.00083623	0.00708591
-0.000835979	0.00707331
-0.000835729	0.00706038
-0.000835479	0.00704713
-0.000835229	0.00703356
-0.000834979	0.00701967
-0.000834729	0.00700547
-0.000834479	0.00699095
-0.000834229	0.00697612
-0.000833979	0.00696097
-0.000833729	0.00694551
-0.000833479	0.00692974
-0.000833229	0.00691366
-0.000832979	0.00689728
-0.000832729	0.00688059
-0.000832479	0.0068636
-0.000832229	0.0068463
-0.000831979	0.00682871
-0.000831729	0.00681082
-0.000831479	0.00679263
-0.000831229	0.00677414
-0.000830979	0.00675536
-0.000830729	0.00673629
-0.000830479	0.00671694
-0.000830229	0.00669729
-0.000829979	0.00667736
-0.000829729	0.00665715
-0.000829479	0.00663665
-0.000829229	0.00661588
-0.000828979	0.00659482
-0.000828729	0.0065735
-0.000828479	0.0065519
-0.000828229	0.00653003
-0.000827978	0.00650789
-0.000827728	0.00648548
-0.000827478	0.00646282
-0.000827228	0.00643989
-0.000826978	0.0064167
-0.000826728	0.00639325
-0.000826478	0.00636955
-0.000826228	0.0063456
-0.000825978	0.00632139
-0.000825728	0.00629695
-0.000825478	0.00627225
-0.000825228	0.00624732
-0.000824978	0.00622214
-0.000824728	0.00619673
-0.000824478	0.00617108
-0.000824228	0.00614521
-0.000823978	0.0061191
-0.000823728	0.00609277
-0.000823478	0.00606621
-0.000823228	0.00603943
-0.000822978	0.00601244
-0.000822728	0.00598523
-0.000822478	0.00595781
-0.000822228	0.00593018
-0.000821978	0.00590234
-0.000821728	0.0058743
-0.000821478	0.00584606
-0.000821228	0.00581763
-0.000820978	0.00578899
-0.000820728	0.00576017
-0.000820478	0.00573116
-0.000820228	0.00570196
-0.000819977	0.00567258
-0.000819727	0.00564302
-0.000819477	0.00561329
-0.000819227	0.00558338
-0.000818977	0.0055533
-0.000818727	0.00552306
-0.000818477	0.00549265
-0.000818227	0.00546209
-0.000817977	0.00543136
-0.000817727	0.00540049
-0.000817477	0.00536946
-0.000817227	0.00533829
-0.000816977	0.00530697
-0.000816727	0.00527552
-0.000816477	0.00524392
-0.000816227	0.0052122
-0.000815977	0.00518034
-0.000815727	0.00514836
-0.000815477	0.00511626
-0.000815227	0.00508403
-0.000814977	0.00505169
-0.000814727	0.00501924
-0.000814477	0.00498668
-0.000814227	0.00495401
-0.000813977	0.00492125
-0.000813727	0.00488838
-0.000813477	0.00485542
-0.000813227	0.00482237
-0.000812977	0.00478923
-0.000812727	0.00475601
-0.000812477	0.00472271
-0.000812227	0.00468933
-0.000811976	0.00465588
-0.000811726	0.00462236
-0.000811476	0.00458878
-0.000811226	0.00455513
-0.000810976	0.00452143
-0.000810726	0.00448767
-0.000810476	0.00445386
-0.000810226	0.00442001
-0.000809976	0.00438611
-0.000809726	0.00435218
-0.000809476	0.00431821
-0.000809226	0.00428421
-0.000808976	0.00425018
-0.000808726	0.00421612
-0.000808476	0.00418205
-0.000808226	0.00414796
-0.000807976	0.00411386
-0.000807726	0.00407975
-0.000807476	0.00404564
-0.000807226	0.00401152
-0.000806976	0.00397741
-0.000806726	0.00394331
-0.000806476	0.00390922
-0.000806226	0.00387514
-0.000805976	0.00384108
-0.000805726	0.00380704
-0.000805476	0.00377303
-0.000805226	0.00373905
-0.000804976	0.00370511
-0.000804726	0.0036712
-0.000804476	0.00363734
-0.000804226	0.00360352
-0.000803975	0.00356975
-0.000803725	0.00353603
-0.000803475	0.00350238
-0.000803225	0.00346878
-0.000802975	0.00343525
-0.000802725	0.00340179
-0.000802475	0.00336841
-0.000802225	0.0033351
-0.000801975	0.00330187
-0.000801725	0.00326873
-0.000801475	0.00323567
-0.000801225	0.00320271
-0.000800975	0.00316985
-0.000800725	0.00313708
-0.000800475	0.00310442
-0.000800225	0.00307187
-0.000799975	0.00303943
-0.000799725	0.00300711
-0.000799475	0.00297491
-0.000799225	0.00294283
-0.000798975	0.00291088
-0.000798725	0.00287906
-0.000798475	0.00284738
-0.000798225	0.00281583
-0.000797975	0.00278443
-0.000797725	0.00275318
-0.000797475	0.00272207
-0.000797225	0.00269112
-0.000796975	0.00266033
-0.000796725	0.0026297
-0.000796475	0.00259924
-0.000796225	0.00256894
-0.000795974	0.00253882
-0.000795724	0.00250887
-0.000795474	0.00247911
-0.000795224	0.00244953
-0.000794974	0.00242014
-0.000794724	0.00239094
-0.000794474	0.00236193
-0.000794224	0.00233312
-0.000793974	0.00230452
-0.000793724	0.00227612
-0.000793474	0.00224793
-0.000793224	0.00221996
-0.000792974	0.0021922
-0.000792724	0.00216466
-0.000792474	0.00213735
-0.000792224	0.00211026
-0.000791974	0.0020834
-0.000791724	0.00205678
-0.000791474	0.0020304
-0.000791224	0.00200425
-0.000790974	0.00197835
-0.000790724	0.0019527
-0.000790474	0.0019273
-0.000790224	0.00190216
-0.000789974	0.00187727
-0.000789724	0.00185265
-0.000789474	0.00182829
-0.000789224	0.00180419
-0.000788974	0.00178037
-0.000788724	0.00175682
-0.000788474	0.00173356
-0.000788224	0.00171057
-0.000787973	0.00168786
-0.000787723	0.00166544
-0.000787473	0.00164331
-0.000787223	0.00162148
-0.000786973	0.00159994
-0.000786723	0.0015787
-0.000786473	0.00155776
-0.000786223	0.00153713
-0.000785973	0.00151681
-0.000785723	0.0014968
-0.000785473	0.0014771
-0.000785223	0.00145772
-0.000784973	0.00143865
-0.000784723	0.00141991
-0.000784473	0.0014015
-0.000784223	0.00138341
-0.000783973	0.00136566
-0.000783723	0.00134824
-0.000783473	0.00133115
-0.000783223	0.0013144
-0.000782973	0.001298
-0.000782723	0.00128194
-0.000782473	0.00126622
-0.000782223	0.00125085
-0.000781973	0.00123584
-0.000781723	0.00122118
-0.000781473	0.00120687
-0.000781223	0.00119293
-0.000780973	0.00117934
-0.000780723	0.00116612
-0.000780473	0.00115326
-0.000780223	0.00114078
-0.000779972	0.00112866
-0.000779722	0.00111691
-0.000779472	0.00110554
-0.000779222	0.00109455
-0.000778972	0.00108393
-0.000778722	0.00107369
-0.000778472	0.00106384
-0.000778222	0.00105437
-0.000777972	0.00104529
-0.000777722	0.0010366
-0.000777472	0.0010283
-0.000777222	0.00102039
-0.000776972	0.00101287
-0.000776722	0.00100575
-0.000776472	0.000999024
-0.000776222	0.0009927
-0.000775972	0.000986777
-0.000775722	0.000981256
-0.000775472	0.000976138
-0.000775222	0.000971427
-0.000774972	0.000967122
-0.000774722	0.000963225
-0.000774472	0.000959739
-0.000774222	0.000956663
-0.000773972	0.000954
-0.000773722	0.000951751
-0.000773472	0.000949917
-0.000773222	0.000948499
-0.000772972	0.000947499
-0.000772722	0.000946917
-0.000772472	0.000946754
-0.000772222	0.000947013
-0.000771971	0.000947693
-0.000771721	0.000948795
-0.000771471	0.000950322
-0.000771221	0.000952272
-0.000770971	0.000954649
-0.000770721	0.000957451
-0.000770471	0.00096068
-0.000770221	0.000964336
-0.000769971	0.000968421
-0.000769721	0.000972935
-0.000769471	0.000977879
-0.000769221	0.000983252
-0.000768971	0.000989056
-0.000768721	0.000995291
-0.000768471	0.00100196
-0.000768221	0.00100906
-0.000767971	0.00101659
-0.000767721	0.00102455
-0.000767471	0.00103294
-0.000767221	0.00104177
-0.000766971	0.00105103
-0.000766721	0.00106073
-0.000766471	0.00107086
-0.000766221	0.00108142
-0.000765971	0.00109241
-0.000765721	0.00110384
-0.000765471	0.0011157
-0.000765221	0.00112799
-0.000764971	0.00114072
-0.000764721	0.00115388
-0.000764471	0.00116747
-0.000764221	0.0011815
-0.00076397	0.00119595
-0.00076372	0.00121084
-0.00076347	0.00122615
-0.00076322	0.0012419
-0.00076297	0.00125808
-0.00076272	0.00127469
-0.00076247	0.00129172
-0.00076222	0.00130918
-0.00076197	0.00132707
-0.00076172	0.00134539
-0.00076147	0.00136413
-0.00076122	0.0013833
-0.00076097	0.00140289
-0.00076072	0.0014229
-0.00076047	0.00144334
-0.00076022	0.0014642
-0.00075997	0.00148547
-0.00075972	0.00150717
-0.00075947	0.00152928
-0.00075922	0.00155181
-0.00075897	0.00157476
-0.00075872	0.00159812
-0.00075847	0.00162189
-0.00075822	0.00164607
-0.00075797	0.00167066
-0.00075772	0.00169566
-0.00075747	0.00172107
-0.00075722	0.00174689
-0.00075697	0.0017731
-0.00075672	0.00179972
-0.00075647	0.00182674
-0.00075622	0.00185416
-0.000755969	0.00188198
-0.000755719	0.00191019
-0.000755469	0.00193879
-0.000755219	0.00196779
-0.000754969	0.00199717
-0.000754719	0.00202695
-0.000754469	0.0020571
-0.000754219	0.00208765
-0.000753969	0.00211857
-0.000753719	0.00214987
-0.000753469	0.00218155
-0.000753219	0.00221361
-0.000752969	0.00224604
-0.000752719	0.00227884
-0.000752469	0.002312
-0.000752219	0.00234554
-0.000751969	0.00237943
-0.000751719	0.00241369
-0.000751469	0.00244831
-0.000751219	0.00248328
-0.000750969	0.0025186
-0.000750719	0.00255428
-0.000750469	0.0025903
-0.000750219	0.00262667
-0.000749969	0.00266338
-0.000749719	0.00270043
-0.000749469	0.00273782
-0.000749219	0.00277554
-0.000748969	0.0028136
-0.000748719	0.00285198
-0.000748469	0.00289069
-0.000748219	0.00292972
-0.000747968	0.00296907
-0.000747718	0.00300874
-0.000747468	0.00304872
-0.000747218	0.00308901
-0.000746968	0.0031296
-0.000746718	0.00317051
-0.000746468	0.00321171
-0.000746218	0.00325321
-0.000745968	0.003295
-0.000745718	0.00333708
-0.000745468	0.00337946
-0.000745218	0.00342211
-0.000744968	0.00346505
-0.000744718	0.00350826
-0.000744468	0.00355175
-0.000744218	0.0035955
-0.000743968	0.00363953
-0.000743718	0.00368381
-0.000743468	0.00372836
-0.000743218	0.00377316
-0.000742968	0.00381821
-0.000742718	0.00386351
-0.000742468	0.00390905
-0.000742218	0.00395484
-0.000741968	0.00400086
-0.000741718	0.00404712
-0.000741468	0.0040936
-0.000741218	0.00414031
-0.000740968	0.00418724
-0.000740718	0.00423439
-0.000740468	0.00428175
-0.000740218	0.00432932
-0.000739967	0.0043771
-0.000739717	0.00442507
-0.000739467	0.00447325
-0.000739217	0.00452161
-0.000738967	0.00457017
-0.000738717	0.00461891
-0.000738467	0.00466783
-0.000738217	0.00471693
-0.000737967	0.0047662
-0.000737717	0.00481564
-0.000737467	0.00486524
-0.000737217	0.004915
-0.000736967	0.00496491
-0.000736717	0.00501498
-0.000736467	0.00506519
-0.000736217	0.00511554
-0.000735967	0.00516603
-0.000735717	0.00521666
-0.000735467	0.00526741
-0.000735217	0.00531829
-0.000734967	0.00536928
-0.000734717	0.00542039
-0.000734467	0.00547162
-0.000734217	0.00552294
-0.000733967	0.00557437
-0.000733717	0.0056259
-0.000733467	0.00567752
-0.000733217	0.00572923
-0.000732967	0.00578102
-0.000732717	0.00583288
-0.000732467	0.00588483
-0.000732217	0.00593684
-0.000731966	0.00598891
-0.000731716	0.00604105
-0.000731466	0.00609324
-0.000731216	0.00614548
-0.000730966	0.00619777
-0.000730716	0.0062501
-0.000730466	0.00630246
-0.000730216	0.00635486
-0.000729966	0.00640728
-0.000729716	0.00645973
-0.000729466	0.00651219
-0.000729216	0.00656466
-0.000728966	0.00661715
-0.000728716	0.00666963
-0.000728466	0.00672212
-0.000728216	0.00677459
-0.000727966	0.00682706
-0.000727716	0.00687951
-0.000727466	0.00693193
-0.000727216	0.00698433
-0.000726966	0.00703671
-0.000726716	0.00708904
-0.000726466	0.00714133
-0.000726216	0.00719358
-0.000725966	0.00724578
-0.000725716	0.00729793
-0.000725466	0.00735001
-0.000725216	0.00740203
-0.000724966	0.00745398
-0.000724716	0.00750585
-0.000724466	0.00755765
-0.000724216	0.00760936
-0.000723965	0.00766098
-0.000723715	0.00771251
-0.000723465	0.00776394
-0.000723215	0.00781526
-0.000722965	0.00786648
-0.000722715	0.00791759
-0.000722465	0.00796857
-0.000722215	0.00801944
-0.000721965	0.00807017
-0.000721715	0.00812077
-0.000721465	0.00817124
-0.000721215	0.00822157
-0.000720965	0.00827174
-0.000720715	0.00832177
-0.000720465	0.00837164
-0.000720215	0.00842135
-0.000719965	0.00847089
-0.000719715	0.00852026
-0.000719465	0.00856946
-0.000719215	0.00861848
-0.000718965	0.00866731
-0.000718715	0.00871595
-0.000718465	0.0087644
-0.000718215	0.00881265
-0.000717965	0.0088607
-0.000717715	0.00890853
-0.000717465	0.00895616
-0.000717215	0.00900357
-0.000716965	0.00905076
-0.000716715	0.00909772
-0.000716465	0.00914445
-0.000716215	0.00919094
-0.000715964	0.0092372
-0.000715714	0.00928321
-0.000715464	0.00932897
-0.000715214	0.00937448
-0.000714964	0.00941973
-0.000714714	0.00946472
-0.000714464	0.00950944
-0.000714214	0.00955389
-0.000713964	0.00959806
-0.000713714	0.00964196
-0.000713464	0.00968557
-0.000713214	0.00972889
-0.000712964	0.00977192
-0.000712714	0.00981465
-0.000712464	0.00985709
-0.000712214	0.00989921
-0.000711964	0.00994103
-0.000711714	0.00998254
-0.000711464	0.0100237
-0.000711214	0.0100646
-0.000710964	0.0101051
-0.000710714	0.0101453
-0.000710464	0.0101852
-0.000710214	0.0102248
-0.000709964	0.0102639
-0.000709714	0.0103028
-0.000709464	0.0103413
-0.000709214	0.0103794
-0.000708964	0.0104172
-0.000708714	0.0104547
-0.000708464	0.0104917
-0.000708214	0.0105284
-0.000707963	0.0105648
-0.000707713	0.0106007
-0.000707463	0.0106363
-0.000707213	0.0106715
-0.000706963	0.0107063
-0.000706713	0.0107407
-0.000706463	0.0107747
-0.000706213	0.0108083
-0.000705963	0.0108415
-0.000705713	0.0108743
-0.000705463	0.0109067
-0.000705213	0.0109387
-0.000704963	0.0109703
-0.000704713	0.0110015
-0.000704463	0.0110322
-0.000704213	0.0110625
-0.000703963	0.0110924
-0.000703713	0.0111219
-0.000703463	0.0111509
-0.000703213	0.0111795
-0.000702963	0.0112077
-0.000702713	0.0112354
-0.000702463	0.0112627
-0.000702213	0.0112895
-0.000701963	0.0113159
-0.000701713	0.0113418
-0.000701463	0.0113673
-0.000701213	0.0113923
-0.000700963	0.0114168
-0.000700713	0.0114409
-0.000700463	0.0114645
-0.000700213	0.0114877
-0.000699962	0.0115104
-0.000699712	0.0115326
-0.000699462	0.0115543
-0.000699212	0.0115755
-0.000698962	0.0115963
-0.000698712	0.0116166
-0.000698462	0.0116364
-0.000698212	0.0116557
-0.000697962	0.0116746
-0.000697712	0.0116929
-0.000697462	0.0117107
-0.000697212	0.0117281
-0.000696962	0.011745
-0.000696712	0.0117613
-0.000696462	0.0117772
-0.000696212	0.0117925
-0.000695962	0.0118074
-0.000695712	0.0118217
-0.000695462	0.0118355
-0.000695212	0.0118489
-0.000694962	0.0118617
-0.000694712	0.011874
-0.000694462	0.0118858
-0.000694212	0.0118971
-0.000693962	0.0119078
-0.000693712	0.0119181
-0.000693462	0.0119278
-0.000693212	0.011937
-0.000692962	0.0119457
-0.000692712	0.0119539
-0.000692462	0.0119615
-0.000692212	0.0119687
-0.000691961	0.0119753
-0.000691711	0.0119813
-0.000691461	0.0119869
-0.000691211	0.0119919
-0.000690961	0.0119964
-0.000690711	0.0120004
-0.000690461	0.0120038
-0.000690211	0.0120067
-0.000689961	0.0120091
-0.000689711	0.012011
-0.000689461	0.0120123
-0.000689211	0.0120131
-0.000688961	0.0120133
-0.000688711	0.0120131
-0.000688461	0.0120123
-0.000688211	0.0120109
-0.000687961	0.0120091
-0.000687711	0.0120067
-0.000687461	0.0120038
-0.000687211	0.0120003
-0.000686961	0.0119963
-0.000686711	0.0119918
-0.000686461	0.0119868
-0.000686211	0.0119812
-0.000685961	0.0119751
-0.000685711	0.0119685
-0.000685461	0.0119613
-0.000685211	0.0119537
-0.000684961	0.0119454
-0.000684711	0.0119367
-0.000684461	0.0119274
-0.000684211	0.0119177
-0.00068396	0.0119073
-0.00068371	0.0118965
-0.00068346	0.0118852
-0.00068321	0.0118733
-0.00068296	0.0118609
-0.00068271	0.011848
-0.00068246	0.0118346
-0.00068221	0.0118206
-0.00068196	0.0118062
-0.00068171	0.0117912
-0.00068146	0.0117757
-0.00068121	0.0117597
-0.00068096	0.0117432
-0.00068071	0.0117262
-0.00068046	0.0117087
-0.00068021	0.0116906
-0.00067996	0.0116721
-0.00067971	0.0116531
-0.00067946	0.0116336
-0.00067921	0.0116136
-0.00067896	0.0115931
-0.00067871	0.011572
-0.00067846	0.0115506
-0.00067821	0.0115286
-0.00067796	0.0115061
-0.00067771	0.0114831
-0.00067746	0.0114597
-0.00067721	0.0114358
-0.00067696	0.0114114
-0.00067671	0.0113865
-0.00067646	0.0113612
-0.00067621	0.0113354
-0.000675959	0.0113091
-0.000675709	0.0112824
-0.000675459	0.0112552
-0.000675209	0.0112275
-0.000674959	0.0111994
-0.000674709	0.0111708
-0.000674459	0.0111418
-0.000674209	0.0111124
-0.000673959	0.0110825
-0.000673709	0.0110521
-0.000673459	0.0110213
-0.000673209	0.0109901
-0.000672959	0.0109584
-0.000672709	0.0109264
-0.000672459	0.0108939
-0.000672209	0.0108609
-0.000671959	0.0108276
-0.000671709	0.0107938
-0.000671459	0.0107597
-0.000671209	0.0107251
-0.000670959	0.0106901
-0.000670709	0.0106547
-0.000670459	0.0106189
-0.000670209	0.0105828
-0.000669959	0.0105462
-0.000669709	0.0105093
-0.000669459	0.0104719
-0.000669209	0.0104342
-0.000668959	0.0103962
-0.000668709	0.0103577
-0.000668459	0.0103189
-0.000668209	0.0102797
-0.000667958	0.0102402
-0.000667708	0.0102003
-0.000667458	0.0101601
-0.000667208	0.0101195
-0.000666958	0.0100786
-0.000666708	0.0100374
-0.000666458	0.00999582
-0.000666208	0.00995392
-0.000665958	0.00991169
-0.000665708	0.00986915
-0.000665458	0.0098263
-0.000665208	0.00978314
-0.000664958	0.00973968
-0.000664708	0.00969592
-0.000664458	0.00965186
-0.000664208	0.00960752
-0.000663958	0.00956289
-0.000663708	0.00951798
-0.000663458	0.0094728
-0.000663208	0.00942735
-0.000662958	0.00938164
-0.000662708	0.00933567
-0.000662458	0.00928944
-0.000662208	0.00924296
-0.000661958	0.00919624
-0.000661708	0.00914928
-0.000661458	0.00910209
-0.000661208	0.00905467
-0.000660958	0.00900702
-0.000660708	0.00895916
-0.000660458	0.00891109
-0.000660208	0.00886281
-0.000659957	0.00881432
-0.000659707	0.00876564
-0.000659457	0.00871677
-0.000659207	0.00866772
-0.000658957	0.00861848
-0.000658707	0.00856908
-0.000658457	0.0085195
-0.000658207	0.00846976
-0.000657957	0.00841986
-0.000657707	0.00836981
-0.000657457	0.00831961
-0.000657207	0.00826928
-0.000656957	0.00821881
-0.000656707	0.00816821
-0.000656457	0.00811748
-0.000656207	0.00806664
-0.000655957	0.00801569
-0.000655707	0.00796464
-0.000655457	0.00791348
-0.000655207	0.00786223
-0.000654957	0.00781089
-0.000654707	0.00775947
-0.000654457	0.00770797
-0.000654207	0.00765641
-0.000653957	0.00760477
-0.000653707	0.00755309
-0.000653457	0.00750134
-0.000653207	0.00744956
-0.000652957	0.00739773
-0.000652707	0.00734587
-0.000652457	0.00729398
-0.000652207	0.00724207
-0.000651956	0.00719014
-0.000651706	0.00713821
-0.000651456	0.00708627
-0.000651206	0.00703433
-0.000650956	0.00698241
-0.000650706	0.00693049
-0.000650456	0.0068786
-0.000650206	0.00682674
-0.000649956	0.00677491
-0.000649706	0.00672312
-0.000649456	0.00667138
-0.000649206	0.00661969
-0.000648956	0.00656806
-0.000648706	0.00651649
-0.000648456	0.00646499
-0.000648206	0.00641358
-0.000647956	0.00636224
-0.000647706	0.006311
-0.000647456	0.00625985
-0.000647206	0.0062088
-0.000646956	0.00615786
-0.000646706	0.00610704
-0.000646456	0.00605634
-0.000646206	0.00600577
-0.000645956	0.00595533
-0.000645706	0.00590503
-0.000645456	0.00585488
-0.000645206	0.00580488
-0.000644956	0.00575503
-0.000644706	0.00570536
-0.000644456	0.00565585
-0.000644206	0.00560652
-0.000643955	0.00555738
-0.000643705	0.00550843
-0.000643455	0.00545967
-0.000643205	0.00541112
-0.000642955	0.00536277
-0.000642705	0.00531464
-0.000642455	0.00526673
-0.000642205	0.00521905
-0.000641955	0.0051716
-0.000641705	0.00512439
-0.000641455	0.00507743
-0.000641205	0.00503072
-0.000640955	0.00498426
-0.000640705	0.00493808
-0.000640455	0.00489216
-0.000640205	0.00484652
-0.000639955	0.00480116
-0.000639705	0.00475609
-0.000639455	0.00471131
-0.000639205	0.00466683
-0.000638955	0.00462266
-0.000638705	0.00457881
-0.000638455	0.00453527
-0.000638205	0.00449206
-0.000637955	0.00444917
-0.000637705	0.00440663
-0.000637455	0.00436442
-0.000637205	0.00432256
-0.000636955	0.00428106
-0.000636705	0.00423992
-0.000636455	0.00419914
-0.000636205	0.00415873
-0.000635954	0.0041187
-0.000635704	0.00407906
-0.000635454	0.0040398
-0.000635204	0.00400093
-0.000634954	0.00396247
-0.000634704	0.0039244
-0.000634454	0.00388675
-0.000634204	0.00384952
-0.000633954	0.00381271
-0.000633704	0.00377632
-0.000633454	0.00374037
-0.000633204	0.00370486
-0.000632954	0.00366979
-0.000632704	0.00363516
-0.000632454	0.003601
-0.000632204	0.00356729
-0.000631954	0.00353404
-0.000631704	0.00350127
-0.000631454	0.00346897
-0.000631204	0.00343715
-0.000630954	0.00340581
-0.000630704	0.00337497
-0.000630454	0.00334462
-0.000630204	0.00331477
-0.000629954	0.00328543
-0.000629704	0.00325659
-0.000629454	0.00322827
-0.000629204	0.00320048
-0.000628954	0.0031732
-0.000628704	0.00314645
-0.000628454	0.00312024
-0.000628204	0.00309457
-0.000627953	0.00306944
-0.000627703	0.00304485
-0.000627453	0.00302082
-0.000627203	0.00299735
-0.000626953	0.00297443
-0.000626703	0.00295209
-0.000626453	0.00293031
-0.000626203	0.0029091
-0.000625953	0.00288848
-0.000625703	0.00286843
-0.000625453	0.00284897
-0.000625203	0.00283011
-0.000624953	0.00281183
-0.000624703	0.00279416
-0.000624453	0.00277709
-0.000624203	0.00276062
-0.000623953	0.00274476
-0.000623703	0.00272952
-0.000623453	0.0027149
-0.000623203	0.0027009
-0.000622953	0.00268752
-0.000622703	0.00267477
-0.000622453	0.00266265
-0.000622203	0.00265117
-0.000621953	0.00264032
-0.000621703	0.00263012
-0.000621453	0.00262056
-0.000621203	0.00261166
-0.000620953	0.0026034
-0.000620703	0.0025958
-0.000620453	0.00258885
-0.000620203	0.00258257
-0.000619952	0.00257695
-0.000619702	0.002572
-0.000619452	0.00256771
-0.000619202	0.0025641
-0.000618952	0.00256117
-0.000618702	0.00255891
-0.000618452	0.00255733
-0.000618202	0.00255643
-0.000617952	0.00255622
-0.000617702	0.00255669
-0.000617452	0.00255786
-0.000617202	0.00255972
-0.000616952	0.00256227
-0.000616702	0.00256551
-0.000616452	0.00256946
-0.000616202	0.0025741
-0.000615952	0.00257945
-0.000615702	0.0025855
-0.000615452	0.00259226
-0.000615202	0.00259972
-0.000614952	0.0026079
-0.000614702	0.00261678
-0.000614452	0.00262638
-0.000614202	0.00263669
-0.000613952	0.00264771
-0.000613702	0.00265945
-0.000613452	0.00267191
-0.000613202	0.00268509
-0.000612952	0.00269899
-0.000612702	0.00271361
-0.000612452	0.00272895
-0.000612202	0.00274502
-0.000611951	0.00276181
-0.000611701	0.00277932
-0.000611451	0.00279756
-0.000611201	0.00281652
-0.000610951	0.00283622
-0.000610701	0.00285664
-0.000610451	0.00287778
-0.000610201	0.00289966
-0.000609951	0.00292226
-0.000609701	0.00294559
-0.000609451	0.00296965
-0.000609201	0.00299444
-0.000608951	0.00301995
-0.000608701	0.0030462
-0.000608451	0.00307317
-0.000608201	0.00310088
-0.000607951	0.00312931
-0.000607701	0.00315847
-0.000607451	0.00318835
-0.000607201	0.00321897
-0.000606951	0.0032503
-0.000606701	0.00328237
-0.000606451	0.00331516
-0.000606201	0.00334867
-0.000605951	0.00338291
-0.000605701	0.00341787
-0.000605451	0.00345355
-0.000605201	0.00348995
-0.000604951	0.00352707
-0.000604701	0.00356491
-0.000604451	0.00360347
-0.000604201	0.00364274
-0.00060395	0.00368273
-0.0006037	0.00372342
-0.00060345	0.00376483
-0.0006032	0.00380695
-0.00060295	0.00384978
-0.0006027	0.00389331
-0.00060245	0.00393755
-0.0006022	0.00398248
-0.00060195	0.00402812
-0.0006017	0.00407446
-0.00060145	0.00412149
-0.0006012	0.00416922
-0.00060095	0.00421764
-0.0006007	0.00426674
-0.00060045	0.00431654
-0.0006002	0.00436702
-0.00059995	0.00441818
-0.0005997	0.00447001
-0.00059945	0.00452253
-0.0005992	0.00457572
-0.00059895	0.00462958
-0.0005987	0.00468411
-0.00059845	0.0047393
-0.0005982	0.00479515
-0.00059795	0.00485167
-0.0005977	0.00490884
-0.00059745	0.00496666
-0.0005972	0.00502513
-0.00059695	0.00508424
-0.0005967	0.005144
-0.00059645	0.0052044
-0.0005962	0.00526543
-0.000595949	0.00532709
-0.000595699	0.00538938
-0.000595449	0.0054523
-0.000595199	0.00551583
-0.000594949	0.00557998
-0.000594699	0.00564474
-0.000594449	0.00571011
-0.000594199	0.00577609
-0.000593949	0.00584266
-0.000593699	0.00590983
-0.000593449	0.00597759
-0.000593199	0.00604593
-0.000592949	0.00611486
-0.000592699	0.00618437
-0.000592449	0.00625445
-0.000592199	0.0063251
-0.000591949	0.00639631
-0.000591699	0.00646808
-0.000591449	0.00654041
-0.000591199	0.00661328
-0.000590949	0.0066867
-0.000590699	0.00676066
-0.000590449	0.00683515
-0.000590199	0.00691017
-0.000589949	0.00698571
-0.000589699	0.00706178
-0.000589449	0.00713835
-0.000589199	0.00721544
-0.000588949	0.00729302
-0.000588699	0.00737111
-0.000588449	0.00744968
-0.000588199	0.00752874
-0.000587948	0.00760829
-0.000587698	0.0076883
-0.000587448	0.00776879
-0.000587198	0.00784973
-0.000586948	0.00793114
-0.000586698	0.00801299
-0.000586448	0.00809529
-0.000586198	0.00817803
-0.000585948	0.0082612
-0.000585698	0.0083448
-0.000585448	0.00842882
-0.000585198	0.00851326
-0.000584948	0.0085981
-0.000584698	0.00868334
-0.000584448	0.00876898
-0.000584198	0.00885501
-0.000583948	0.00894142
-0.000583698	0.0090282
-0.000583448	0.00911536
-0.000583198	0.00920287
-0.000582948	0.00929075
-0.000582698	0.00937897
-0.000582448	0.00946753
-0.000582198	0.00955643
-0.000581948	0.00964566
-0.000581698	0.00973521
-0.000581448	0.00982508
-0.000581198	0.00991525
-0.000580948	0.0100057
-0.000580698	0.0100965
-0.000580448	0.0101875
-0.000580198	0.0102789
-0.000579947	0.0103705
-0.000579697	0.0104624
-0.000579447	0.0105545
-0.000579197	0.0106469
-0.000578947	0.0107395
-0.000578697	0.0108323
-0.000578447	0.0109254
-0.000578197	0.0110187
-0.000577947	0.0111123
-0.000577697	0.011206
-0.000577447	0.0112999
-0.000577197	0.011394
-0.000576947	0.0114883
-0.000576697	0.0115828
-0.000576447	0.0116774
-0.000576197	0.0117722
-0.000575947	0.0118672
-0.000575697	0.0119623
-0.000575447	0.0120575
-0.000575197	0.0121529
-0.000574947	0.0122484
-0.000574697	0.012344
-0.000574447	0.0124397
-0.000574197	0.0125355
-0.000573947	0.0126314
-0.000573697	0.0127274
-0.000573447	0.0128234
-0.000573197	0.0129196
-0.000572947	0.0130157
-0.000572697	0.013112
-0.000572447	0.0132082
-0.000572197	0.0133045
-0.000571946	0.0134008
-0.000571696	0.0134972
-0.000571446	0.0135935
-0.000571196	0.0136899
-0.000570946	0.0137863
-0.000570696	0.0138826
-0.000570446	0.0139789
-0.000570196	0.0140752
-0.000569946	0.0141714
-0.000569696	0.0142676
-0.000569446	0.0143638
-0.000569196	0.0144598
-0.000568946	0.0145558
-0.000568696	0.0146518
-0.000568446	0.0147476
-0.000568196	0.0148434
-0.000567946	0.014939
-0.000567696	0.0150345
-0.000567446	0.0151299
-0.000567196	0.0152252
-0.000566946	0.0153203
-0.000566696	0.0154153
-0.000566446	0.0155102
-0.000566196	0.0156048
-0.000565946	0.0156993
-0.000565696	0.0157937
-0.000565446	0.0158878
-0.000565196	0.0159817
-0.000564946	0.0160755
-0.000564696	0.016169
-0.000564446	0.0162623
-0.000564196	0.0163554
-0.000563945	0.0164483
-0.000563695	0.0165409
-0.000563445	0.0166332
-0.000563195	0.0167253
-0.000562945	0.0168171
-0.000562695	0.0169087
-0.000562445	0.017
-0.000562195	0.0170909
-0.000561945	0.0171816
-0.000561695	0.017272
-0.000561445	0.017362
-0.000561195	0.0174517
-0.000560945	0.0175411
-0.000560695	0.0176302
-0.000560445	0.0177189
-0.000560195	0.0178072
-0.000559945	0.0178952
-0.000559695	0.0179828
-0.000559445	0.0180701
-0.000559195	0.0181569
-0.000558945	0.0182434
-0.000558695	0.0183294
-0.000558445	0.018415
-0.000558195	0.0185003
-0.000557945	0.0185851
-0.000557695	0.0186694
-0.000557445	0.0187533
-0.000557195	0.0188368
-0.000556945	0.0189198
-0.000556695	0.0190024
-0.000556445	0.0190844
-0.000556195	0.019166
-0.000555944	0.0192472
-0.000555694	0.0193278
-0.000555444	0.0194079
-0.000555194	0.0194875
-0.000554944	0.0195666
-0.000554694	0.0196452
-0.000554444	0.0197232
-0.000554194	0.0198007
-0.000553944	0.0198777
-0.000553694	0.0199541
-0.000553444	0.02003
-0.000553194	0.0201053
-0.000552944	0.02018
-0.000552694	0.0202541
-0.000552444	0.0203277
-0.000552194	0.0204006
-0.000551944	0.020473
-0.000551694	0.0205448
-0.000551444	0.0206159
-0.000551194	0.0206864
-0.000550944	0.0207563
-0.000550694	0.0208256
-0.000550444	0.0208943
-0.000550194	0.0209622
-0.000549944	0.0210296
-0.000549694	0.0210963
-0.000549444	0.0211623
-0.000549194	0.0212276
-0.000548944	0.0212923
-0.000548694	0.0213563
-0.000548444	0.0214196
-0.000548194	0.0214822
-0.000547943	0.0215442
-0.000547693	0.0216054
-0.000547443	0.0216659
-0.000547193	0.0217257
-0.000546943	0.0217847
-0.000546693	0.0218431
-0.000546443	0.0219007
-0.000546193	0.0219575
-0.000545943	0.0220137
-0.000545693	0.0220691
-0.000545443	0.0221237
-0.000545193	0.0221775
-0.000544943	0.0222307
-0.000544693	0.022283
-0.000544443	0.0223345
-0.000544193	0.0223853
-0.000543943	0.0224353
-0.000543693	0.0224845
-0.000543443	0.022533
-0.000543193	0.0225806
-0.000542943	0.0226274
-0.000542693	0.0226734
-0.000542443	0.0227186
-0.000542193	0.022763
-0.000541943	0.0228066
-0.000541693	0.0228493
-0.000541443	0.0228913
-0.000541193	0.0229324
-0.000540943	0.0229726
-0.000540693	0.023012
-0.000540443	0.0230506
-0.000540193	0.0230884
-0.000539942	0.0231252
-0.000539692	0.0231613
-0.000539442	0.0231965
-0.000539192	0.0232308
-0.000538942	0.0232642
-0.000538692	0.0232968
-0.000538442	0.0233285
-0.000538192	0.0233594
-0.000537942	0.0233894
-0.000537692	0.0234185
-0.000537442	0.0234467
-0.000537192	0.023474
-0.000536942	0.0235005
-0.000536692	0.023526
-0.000536442	0.0235507
-0.000536192	0.0235745
-0.000535942	0.0235974
-0.000535692	0.0236194
-0.000535442	0.0236405
-0.000535192	0.0236606
-0.000534942	0.0236799
-0.000534692	0.0236983
-0.000534442	0.0237158
-0.000534192	0.0237324
-0.000533942	0.023748
-0.000533692	0.0237628
-0.000533442	0.0237766
-0.000533192	0.0237895
-0.000532942	0.0238016
-0.000532692	0.0238127
-0.000532442	0.0238228
-0.000532192	0.0238321
-0.000531941	0.0238405
-0.000531691	0.0238479
-0.000531441	0.0238544
-0.000531191	0.02386
-0.000530941	0.0238647
-0.000530691	0.0238684
-0.000530441	0.0238713
-0.000530191	0.0238732
-0.000529941	0.0238742
-0.000529691	0.0238742
-0.000529441	0.0238734
-0.000529191	0.0238716
-0.000528941	0.0238689
-0.000528691	0.0238653
-0.000528441	0.0238608
-0.000528191	0.0238554
-0.000527941	0.023849
-0.000527691	0.0238418
-0.000527441	0.0238336
-0.000527191	0.0238245
-0.000526941	0.0238145
-0.000526691	0.0238036
-0.000526441	0.0237917
-0.000526191	0.023779
-0.000525941	0.0237653
-0.000525691	0.0237508
-0.000525441	0.0237353
-0.000525191	0.023719
-0.000524941	0.0237017
-0.000524691	0.0236836
-0.000524441	0.0236645
-0.000524191	0.0236446
-0.00052394	0.0236237
-0.00052369	0.023602
-0.00052344	0.0235794
-0.00052319	0.0235559
-0.00052294	0.0235315
-0.00052269	0.0235063
-0.00052244	0.0234801
-0.00052219	0.0234531
-0.00052194	0.0234253
-0.00052169	0.0233965
-0.00052144	0.0233669
-0.00052119	0.0233365
-0.00052094	0.0233052
-0.00052069	0.023273
-0.00052044	0.02324
-0.00052019	0.0232062
-0.00051994	0.0231715
-0.00051969	0.0231359
-0.00051944	0.0230996
-0.00051919	0.0230624
-0.00051894	0.0230243
-0.00051869	0.0229855
-0.00051844	0.0229458
-0.00051819	0.0229054
-0.00051794	0.0228641
-0.00051769	0.022822
-0.00051744	0.0227792
-0.00051719	0.0227355
-0.00051694	0.022691
-0.00051669	0.0226458
-0.00051644	0.0225998
-0.00051619	0.022553
-0.000515939	0.0225055
-0.000515689	0.0224572
-0.000515439	0.0224081
-0.000515189	0.0223583
-0.000514939	0.0223077
-0.000514689	0.0222564
-0.000514439	0.0222044
-0.000514189	0.0221517
-0.000513939	0.0220982
-0.000513689	0.022044
-0.000513439	0.0219891
-0.000513189	0.0219335
-0.000512939	0.0218772
-0.000512689	0.0218202
-0.000512439	0.0217626
-0.000512189	0.0217043
-0.000511939	0.0216452
-0.000511689	0.0215856
-0.000511439	0.0215253
-0.000511189	0.0214643
-0.000510939	0.0214027
-0.000510689	0.0213405
-0.000510439	0.0212776
-0.000510189	0.0212141
-0.000509939	0.02115
-0.000509689	0.0210853
-0.000509439	0.02102
-0.000509189	0.0209542
-0.000508939	0.0208877
-0.000508689	0.0208207
-0.000508439	0.0207531
-0.000508189	0.0206849
-0.000507938	0.0206162
-0.000507688	0.020547
-0.000507438	0.0204772
-0.000507188	0.0204069
-0.000506938	0.0203361
-0.000506688	0.0202648
-0.000506438	0.020193
-0.000506188	0.0201207
-0.000505938	0.0200479
-0.000505688	0.0199746
-0.000505438	0.0199009
-0.000505188	0.0198267
-0.000504938	0.0197521
-0.000504688	0.0196771
-0.000504438	0.0196016
-0.000504188	0.0195257
-0.000503938	0.0194494
-0.000503688	0.0193726
-0.000503438	0.0192955
-0.000503188	0.0192181
-0.000502938	0.0191402
-0.000502688	0.019062
-0.000502438	0.0189834
-0.000502188	0.0189045
-0.000501938	0.0188253
-0.000501688	0.0187457
-0.000501438	0.0186658
-0.000501188	0.0185857
-0.000500938	0.0185052
-0.000500688	0.0184244
-0.000500438	0.0183434
-0.000500188	0.0182621
-0.000499937	0.0181805
-0.000499687	0.0180988
-0.000499437	0.0180167
-0.000499187	0.0179345
-0.000498937	0.017852
-0.000498687	0.0177694
-0.000498437	0.0176865
-0.000498187	0.0176035
-0.000497937	0.0175203
-0.000497687	0.0174369
-0.000497437	0.0173534
-0.000497187	0.0172698
-0.000496937	0.017186
-0.000496687	0.0171021
-0.000496437	0.0170182
-0.000496187	0.0169341
-0.000495937	0.0168499
-0.000495687	0.0167657
-0.000495437	0.0166814
-0.000495187	0.016597
-0.000494937	0.0165126
-0.000494687	0.0164282
-0.000494437	0.0163438
-0.000494187	0.0162593
-0.000493937	0.0161749
-0.000493687	0.0160905
-0.000493437	0.0160061
-0.000493187	0.0159217
-0.000492937	0.0158374
-0.000492687	0.0157532
-0.000492437	0.015669
-0.000492187	0.015585
-0.000491936	0.015501
-0.000491686	0.0154171
-0.000491436	0.0153333
-0.000491186	0.0152497
-0.000490936	0.0151662
-0.000490686	0.0150829
-0.000490436	0.0149997
-0.000490186	0.0149167
-0.000489936	0.0148339
-0.000489686	0.0147513
-0.000489436	0.0146689
-0.000489186	0.0145868
-0.000488936	0.0145048
-0.000488686	0.0144231
-0.000488436	0.0143417
-0.000488186	0.0142605
-0.000487936	0.0141797
-0.000487686	0.0140991
-0.000487436	0.0140188
-0.000487186	0.0139388
-0.000486936	0.0138592
-0.000486686	0.0137799
-0.000486436	0.0137009
-0.000486186	0.0136223
-0.000485936	0.0135441
-0.000485686	0.0134663
-0.000485436	0.0133889
-0.000485186	0.0133119
-0.000484936	0.0132353
-0.000484686	0.0131591
-0.000484436	0.0130834
-0.000484186	0.0130081
-0.000483935	0.0129333
-0.000483685	0.012859
-0.000483435	0.0127852
-0.000483185	0.0127118
-0.000482935	0.012639
-0.000482685	0.0125667
-0.000482435	0.012495
-0.000482185	0.0124238
-0.000481935	0.0123531
-0.000481685	0.0122831
-0.000481435	0.0122136
-0.000481185	0.0121447
-0.000480935	0.0120764
-0.000480685	0.0120087
-0.000480435	0.0119417
-0.000480185	0.0118753
-0.000479935	0.0118095
-0.000479685	0.0117444
-0.000479435	0.01168
-0.000479185	0.0116163
-0.000478935	0.0115532
-0.000478685	0.0114909
-0.000478435	0.0114293
-0.000478185	0.0113684
-0.000477935	0.0113083
-0.000477685	0.0112489
-0.000477435	0.0111902
-0.000477185	0.0111324
-0.000476935	0.0110753
-0.000476685	0.011019
-0.000476435	0.0109635
-0.000476185	0.0109088
-0.000475934	0.010855
-0.000475684	0.010802
-0.000475434	0.0107498
-0.000475184	0.0106986
-0.000474934	0.0106481
-0.000474684	0.0105986
-0.000474434	0.0105499
-0.000474184	0.0105021
-0.000473934	0.0104553
-0.000473684	0.0104094
-0.000473434	0.0103644
-0.000473184	0.0103203
-0.000472934	0.0102772
-0.000472684	0.010235
-0.000472434	0.0101938
-0.000472184	0.0101536
-0.000471934	0.0101144
-0.000471684	0.0100762
-0.000471434	0.010039
-0.000471184	0.0100028
-0.000470934	0.00996765
-0.000470684	0.00993353
-0.000470434	0.00990045
-0.000470184	0.00986843
-0.000469934	0.00983747
-0.000469684	0.00980759
-0.000469434	0.00977879
-0.000469184	0.00975108
-0.000468934	0.00972447
-0.000468684	0.00969897
-0.000468434	0.0096746
-0.000468184	0.00965134
-0.000467933	0.00962923
-0.000467683	0.00960826
-0.000467433	0.00958844
-0.000467183	0.00956979
-0.000466933	0.0095523
-0.000466683	0.00953599
-0.000466433	0.00952086
-0.000466183	0.00950693
-0.000465933	0.00949421
-0.000465683	0.00948269
-0.000465433	0.00947239
-0.000465183	0.00946331
-0.000464933	0.00945546
-0.000464683	0.00944886
-0.000464433	0.0094435
-0.000464183	0.0094394
-0.000463933	0.00943656
-0.000463683	0.00943499
-0.000463433	0.00943469
-0.000463183	0.00943568
-0.000462933	0.00943795
-0.000462683	0.00944152
-0.000462433	0.0094464
-0.000462183	0.00945258
-0.000461933	0.00946008
-0.000461683	0.00946891
-0.000461433	0.00947905
-0.000461183	0.00949054
-0.000460933	0.00950336
-0.000460683	0.00951753
-0.000460433	0.00953306
-0.000460183	0.00954994
-0.000459932	0.00956818
-0.000459682	0.00958779
-0.000459432	0.00960877
-0.000459182	0.00963114
-0.000458932	0.00965489
-0.000458682	0.00968002
-0.000458432	0.00970656
-0.000458182	0.00973449
-0.000457932	0.00976382
-0.000457682	0.00979456
-0.000457432	0.00982672
-0.000457182	0.00986029
-0.000456932	0.00989528
-0.000456682	0.0099317
-0.000456432	0.00996954
-0.000456182	0.0100088
-0.000455932	0.0100495
-0.000455682	0.0100917
-0.000455432	0.0101353
-0.000455182	0.0101803
-0.000454932	0.0102268
-0.000454682	0.0102748
-0.000454432	0.0103242
-0.000454182	0.0103751
-0.000453932	0.0104274
-0.000453682	0.0104812
-0.000453432	0.0105364
-0.000453182	0.0105932
-0.000452932	0.0106514
-0.000452682	0.0107111
-0.000452432	0.0107722
-0.000452182	0.0108348
-0.000451931	0.010899
-0.000451681	0.0109645
-0.000451431	0.0110316
-0.000451181	0.0111002
-0.000450931	0.0111702
-0.000450681	0.0112418
-0.000450431	0.0113148
-0.000450181	0.0113893
-0.000449931	0.0114653
-0.000449681	0.0115428
-0.000449431	0.0116218
-0.000449181	0.0117022
-0.000448931	0.0117842
-0.000448681	0.0118676
-0.000448431	0.0119526
-0.000448181	0.012039
-0.000447931	0.0121269
-0.000447681	0.0122163
-0.000447431	0.0123072
-0.000447181	0.0123996
-0.000446931	0.0124935
-0.000446681	0.0125889
-0.000446431	0.0126857
-0.000446181	0.0127841
-0.000445931	0.0128839
-0.000445681	0.0129852
-0.000445431	0.013088
-0.000445181	0.0131922
-0.000444931	0.013298
-0.000444681	0.0134052
-0.000444431	0.0135139
-0.000444181	0.013624
-0.00044393	0.0137356
-0.00044368	0.0138487
-0.00044343	0.0139633
-0.00044318	0.0140793
-0.00044293	0.0141967
-0.00044268	0.0143157
-0.00044243	0.014436
-0.00044218	0.0145578
-0.00044193	0.0146811
-0.00044168	0.0148058
-0.00044143	0.0149319
-0.00044118	0.0150595
-0.00044093	0.0151885
-0.00044068	0.0153189
-0.00044043	0.0154507
-0.00044018	0.015584
-0.00043993	0.0157186
-0.00043968	0.0158547
-0.00043943	0.0159922
-0.00043918	0.016131
-0.00043893	0.0162713
-0.00043868	0.0164129
-0.00043843	0.0165559
-0.00043818	0.0167003
-0.00043793	0.0168461
-0.00043768	0.0169932
-0.00043743	0.0171417
-0.00043718	0.0172915
-0.00043693	0.0174427
-0.00043668	0.0175952
-0.00043643	0.017749
-0.00043618	0.0179042
-0.000435929	0.0180607
-0.000435679	0.0182185
-0.000435429	0.0183776
-0.000435179	0.018538
-0.000434929	0.0186997
-0.000434679	0.0188626
-0.000434429	0.0190269
-0.000434179	0.0191924
-0.000433929	0.0193592
-0.000433679	0.0195272
-0.000433429	0.0196965
-0.000433179	0.019867
-0.000432929	0.0200388
-0.000432679	0.0202117
-0.000432429	0.0203859
-0.000432179	0.0205613
-0.000431929	0.0207378
-0.000431679	0.0209156
-0.000431429	0.0210945
-0.000431179	0.0212746
-0.000430929	0.0214559
-0.000430679	0.0216383
-0.000430429	0.0218219
-0.000430179	0.0220065
-0.000429929	0.0221923
-0.000429679	0.0223792
-0.000429429	0.0225673
-0.000429179	0.0227564
-0.000428929	0.0229465
-0.000428679	0.0231378
-0.000428429	0.0233301
-0.000428179	0.0235235
-0.000427928	0.0237179
-0.000427678	0.0239133
-0.000427428	0.0241098
-0.000427178	0.0243072
-0.000426928	0.0245057
-0.000426678	0.0247051
-0.000426428	0.0249055
-0.000426178	0.0251069
-0.000425928	0.0253092
-0.000425678	0.0255125
-0.000425428	0.0257166
-0.000425178	0.0259218
-0.000424928	0.0261278
-0.000424678	0.0263347
-0.000424428	0.0265424
-0.000424178	0.0267511
-0.000423928	0.0269606
-0.000423678	0.027171
-0.000423428	0.0273821
-0.000423178	0.0275941
-0.000422928	0.0278069
-0.000422678	0.0280205
-0.000422428	0.0282349
-0.000422178	0.0284501
-0.000421928	0.028666
-0.000421678	0.0288826
-0.000421428	0.0291
-0.000421178	0.0293181
-0.000420928	0.0295369
-0.000420678	0.0297563
-0.000420428	0.0299765
-0.000420178	0.0301973
-0.000419927	0.0304188
-0.000419677	0.0306409
-0.000419427	0.0308636
-0.000419177	0.0310869
-0.000418927	0.0313108
-0.000418677	0.0315353
-0.000418427	0.0317604
-0.000418177	0.031986
-0.000417927	0.0322121
-0.000417677	0.0324388
-0.000417427	0.0326659
-0.000417177	0.0328936
-0.000416927	0.0331217
-0.000416677	0.0333504
-0.000416427	0.0335794
-0.000416177	0.0338089
-0.000415927	0.0340388
-0.000415677	0.0342691
-0.000415427	0.0344998
-0.000415177	0.0347309
-0.000414927	0.0349623
-0.000414677	0.0351941
-0.000414427	0.0354262
-0.000414177	0.0356587
-0.000413927	0.0358914
-0.000413677	0.0361244
-0.000413427	0.0363577
-0.000413177	0.0365912
-0.000412927	0.036825
-0.000412677	0.037059
-0.000412427	0.0372932
-0.000412177	0.0375276
-0.000411926	0.0377621
-0.000411676	0.0379969
-0.000411426	0.0382317
-0.000411176	0.0384667
-0.000410926	0.0387019
-0.000410676	0.0389371
-0.000410426	0.0391724
-0.000410176	0.0394077
-0.000409926	0.0396431
-0.000409676	0.0398786
-0.000409426	0.040114
-0.000409176	0.0403495
-0.000408926	0.0405849
-0.000408676	0.0408204
-0.000408426	0.0410557
-0.000408176	0.041291
-0.000407926	0.0415263
-0.000407676	0.0417614
-0.000407426	0.0419964
-0.000407176	0.0422314
-0.000406926	0.0424661
-0.000406676	0.0427007
-0.000406426	0.0429351
-0.000406176	0.0431694
-0.000405926	0.0434034
-0.000405676	0.0436372
-0.000405426	0.0438708
-0.000405176	0.0441041
-0.000404926	0.0443371
-0.000404676	0.0445699
-0.000404426	0.0448024
-0.000404176	0.0450345
-0.000403925	0.0452663
-0.000403675	0.0454977
-0.000403425	0.0457288
-0.000403175	0.0459595
-0.000402925	0.0461898
-0.000402675	0.0464197
-0.000402425	0.0466491
-0.000402175	0.0468781
-0.000401925	0.0471066
-0.000401675	0.0473347
-0.000401425	0.0475623
-0.000401175	0.0477893
-0.000400925	0.0480158
-0.000400675	0.0482418
-0.000400425	0.0484672
-0.000400175	0.048692
-0.000399925	0.0489163
-0.000399675	0.0491399
-0.000399425	0.0493629
-0.000399175	0.0495853
-0.000398925	0.049807
-0.000398675	0.0500281
-0.000398425	0.0502485
-0.000398175	0.0504681
-0.000397925	0.0506871
-0.000397675	0.0509053
-0.000397425	0.0511228
-0.000397175	0.0513395
-0.000396925	0.0515554
-0.000396675	0.0517706
-0.000396425	0.0519849
-0.000396175	0.0521984
-0.000395924	0.0524111
-0.000395674	0.0526229
-0.000395424	0.0528338
-0.000395174	0.0530439
-0.000394924	0.0532531
-0.000394674	0.0534613
-0.000394424	0.0536686
-0.000394174	0.053875
-0.000393924	0.0540804
-0.000393674	0.0542849
-0.000393424	0.0544884
-0.000393174	0.0546908
-0.000392924	0.0548923
-0.000392674	0.0550927
-0.000392424	0.0552921
-0.000392174	0.0554904
-0.000391924	0.0556877
-0.000391674	0.0558839
-0.000391424	0.0560789
-0.000391174	0.0562729
-0.000390924	0.0564657
-0.000390674	0.0566574
-0.000390424	0.056848
-0.000390174	0.0570374
-0.000389924	0.0572256
-0.000389674	0.0574126
-0.000389424	0.0575984
-0.000389174	0.057783
-0.000388924	0.0579663
-0.000388674	0.0581484
-0.000388424	0.0583293
-0.000388174	0.0585089
-0.000387923	0.0586872
-0.000387673	0.0588642
-0.000387423	0.0590399
-0.000387173	0.0592143
-0.000386923	0.0593873
-0.000386673	0.059559
-0.000386423	0.0597294
-0.000386173	0.0598984
-0.000385923	0.060066
-0.000385673	0.0602322
-0.000385423	0.0603971
-0.000385173	0.0605605
-0.000384923	0.0607225
-0.000384673	0.060883
-0.000384423	0.0610422
-0.000384173	0.0611998
-0.000383923	0.061356
-0.000383673	0.0615108
-0.000383423	0.061664
-0.000383173	0.0618157
-0.000382923	0.061966
-0.000382673	0.0621147
-0.000382423	0.0622619
-0.000382173	0.0624075
-0.000381923	0.0625516
-0.000381673	0.0626942
-0.000381423	0.0628352
-0.000381173	0.0629746
-0.000380923	0.0631125
-0.000380673	0.0632487
-0.000380423	0.0633834
-0.000380173	0.0635164
-0.000379922	0.0636478
-0.000379672	0.0637776
-0.000379422	0.0639058
-0.000379172	0.0640323
-0.000378922	0.0641572
-0.000378672	0.0642805
-0.000378422	0.064402
-0.000378172	0.0645219
-0.000377922	0.0646401
-0.000377672	0.0647567
-0.000377422	0.0648715
-0.000377172	0.0649846
-0.000376922	0.0650961
-0.000376672	0.0652058
-0.000376422	0.0653138
-0.000376172	0.0654201
-0.000375922	0.0655247
-0.000375672	0.0656275
-0.000375422	0.0657286
-0.000375172	0.0658279
-0.000374922	0.0659255
-0.000374672	0.0660214
-0.000374422	0.0661154
-0.000374172	0.0662077
-0.000373922	0.0662983
-0.000373672	0.0663871
-0.000373422	0.066474
-0.000373172	0.0665593
-0.000372922	0.0666427
-0.000372672	0.0667243
-0.000372422	0.0668041
-0.000372172	0.0668822
-0.000371921	0.0669584
-0.000371671	0.0670329
-0.000371421	0.0671055
-0.000371171	0.0671763
-0.000370921	0.0672454
-0.000370671	0.0673126
-0.000370421	0.067378
-0.000370171	0.0674415
-0.000369921	0.0675033
-0.000369671	0.0675632
-0.000369421	0.0676214
-0.000369171	0.0676777
-0.000368921	0.0677322
-0.000368671	0.0677848
-0.000368421	0.0678356
-0.000368171	0.0678847
-0.000367921	0.0679318
-0.000367671	0.0679772
-0.000367421	0.0680207
-0.000367171	0.0680625
-0.000366921	0.0681023
-0.000366671	0.0681404
-0.000366421	0.0681767
-0.000366171	0.0682111
-0.000365921	0.0682437
-0.000365671	0.0682745
-0.000365421	0.0683035
-0.000365171	0.0683307
-0.000364921	0.068356
-0.000364671	0.0683796
-0.000364421	0.0684013
-0.000364171	0.0684213
-0.00036392	0.0684394
-0.00036367	0.0684558
-0.00036342	0.0684703
-0.00036317	0.0684831
-0.00036292	0.0684941
-0.00036267	0.0685033
-0.00036242	0.0685107
-0.00036217	0.0685163
-0.00036192	0.0685202
-0.00036167	0.0685223
-0.00036142	0.0685227
-0.00036117	0.0685213
-0.00036092	0.0685181
-0.00036067	0.0685132
-0.00036042	0.0685066
-0.00036017	0.0684982
-0.00035992	0.0684881
-0.00035967	0.0684763
-0.00035942	0.0684628
-0.00035917	0.0684476
-0.00035892	0.0684307
-0.00035867	0.068412
-0.00035842	0.0683917
-0.00035817	0.0683697
-0.00035792	0.0683461
-0.00035767	0.0683208
-0.00035742	0.0682938
-0.00035717	0.0682652
-0.00035692	0.068235
-0.00035667	0.0682031
-0.00035642	0.0681696
-0.00035617	0.0681345
-0.000355919	0.0680978
-0.000355669	0.0680595
-0.000355419	0.0680196
-0.000355169	0.0679781
-0.000354919	0.0679351
-0.000354669	0.0678906
-0.000354419	0.0678445
-0.000354169	0.0677968
-0.000353919	0.0677477
-0.000353669	0.067697
-0.000353419	0.0676448
-0.000353169	0.0675912
-0.000352919	0.0675361
-0.000352669	0.0674795
-0.000352419	0.0674215
-0.000352169	0.067362
-0.000351919	0.0673011
-0.000351669	0.0672388
-0.000351419	0.0671751
-0.000351169	0.06711
-0.000350919	0.0670435
-0.000350669	0.0669756
-0.000350419	0.0669065
-0.000350169	0.0668359
-0.000349919	0.0667641
-0.000349669	0.066691
-0.000349419	0.0666165
-0.000349169	0.0665408
-0.000348919	0.0664638
-0.000348669	0.0663856
-0.000348419	0.0663061
-0.000348169	0.0662255
-0.000347918	0.0661436
-0.000347668	0.0660605
-0.000347418	0.0659763
-0.000347168	0.0658909
-0.000346918	0.0658043
-0.000346668	0.0657167
-0.000346418	0.0656279
-0.000346168	0.0655381
-0.000345918	0.0654471
-0.000345668	0.0653551
-0.000345418	0.0652621
-0.000345168	0.0651681
-0.000344918	0.065073
-0.000344668	0.064977
-0.000344418	0.0648799
-0.000344168	0.064782
-0.000343918	0.0646831
-0.000343668	0.0645833
-0.000343418	0.0644826
-0.000343168	0.064381
-0.000342918	0.0642785
-0.000342668	0.0641752
-0.000342418	0.0640711
-0.000342168	0.0639662
-0.000341918	0.0638605
-0.000341668	0.063754
-0.000341418	0.0636468
-0.000341168	0.0635389
-0.000340918	0.0634302
-0.000340668	0.0633209
-0.000340418	0.0632109
-0.000340168	0.0631003
-0.000339917	0.062989
-0.000339667	0.0628771
-0.000339417	0.0627647
-0.000339167	0.0626517
-0.000338917	0.0625381
-0.000338667	0.062424
-0.000338417	0.0623095
-0.000338167	0.0621944
-0.000337917	0.0620789
-0.000337667	0.061963
-0.000337417	0.0618467
-0.000337167	0.0617299
-0.000336917	0.0616128
-0.000336667	0.0614954
-0.000336417	0.0613776
-0.000336167	0.0612595
-0.000335917	0.0611412
-0.000335667	0.0610226
-0.000335417	0.0609037
-0.000335167	0.0607847
-0.000334917	0.0606655
-0.000334667	0.0605461
-0.000334417	0.0604265
-0.000334167	0.0603069
-0.000333917	0.0601872
-0.000333667	0.0600673
-0.000333417	0.0599475
-0.000333167	0.0598276
-0.000332917	0.0597077
-0.000332667	0.0595879
-0.000332417	0.0594681
-0.000332167	0.0593484
-0.000331916	0.0592287
-0.000331666	0.0591092
-0.000331416	0.0589899
-0.000331166	0.0588707
-0.000330916	0.0587517
-0.000330666	0.058633
-0.000330416	0.0585144
-0.000330166	0.0583962
-0.000329916	0.0582783
-0.000329666	0.0581606
-0.000329416	0.0580433
-0.000329166	0.0579264
-0.000328916	0.0578099
-0.000328666	0.0576938
-0.000328416	0.0575782
-0.000328166	0.057463
-0.000327916	0.0573484
-0.000327666	0.0572342
-0.000327416	0.0571206
-0.000327166	0.0570076
-0.000326916	0.0568952
-0.000326666	0.0567834
-0.000326416	0.0566723
-0.000326166	0.0565618
-0.000325916	0.0564521
-0.000325666	0.056343
-0.000325416	0.0562348
-0.000325166	0.0561273
-0.000324916	0.0560206
-0.000324666	0.0559148
-0.000324416	0.0558098
-0.000324166	0.0557057
-0.000323915	0.0556026
-0.000323665	0.0555003
-0.000323415	0.0553991
-0.000323165	0.0552988
-0.000322915	0.0551995
-0.000322665	0.0551013
-0.000322415	0.0550042
-0.000322165	0.0549082
-0.000321915	0.0548133
-0.000321665	0.0547195
-0.000321415	0.0546269
-0.000321165	0.0545356
-0.000320915	0.0544454
-0.000320665	0.0543565
-0.000320415	0.0542689
-0.000320165	0.0541826
-0.000319915	0.0540977
-0.000319665	0.0540141
-0.000319415	0.0539319
-0.000319165	0.0538511
-0.000318915	0.0537718
-0.000318665	0.0536939
-0.000318415	0.0536175
-0.000318165	0.0535427
-0.000317915	0.0534694
-0.000317665	0.0533976
-0.000317415	0.0533275
-0.000317165	0.053259
-0.000316915	0.0531921
-0.000316665	0.053127
-0.000316415	0.0530635
-0.000316165	0.0530018
-0.000315914	0.0529418
-0.000315664	0.0528836
-0.000315414	0.0528272
-0.000315164	0.0527727
-0.000314914	0.05272
-0.000314664	0.0526692
-0.000314414	0.0526203
-0.000314164	0.0525734
-0.000313914	0.0525284
-0.000313664	0.0524854
-0.000313414	0.0524444
-0.000313164	0.0524055
-0.000312914	0.0523687
-0.000312664	0.0523339
-0.000312414	0.0523012
-0.000312164	0.0522707
-0.000311914	0.0522424
-0.000311664	0.0522163
-0.000311414	0.0521923
-0.000311164	0.0521707
-0.000310914	0.0521512
-0.000310664	0.0521341
-0.000310414	0.0521193
-0.000310164	0.0521069
-0.000309914	0.0520968
-0.000309664	0.0520891
-0.000309414	0.0520838
-0.000309164	0.0520809
-0.000308914	0.0520806
-0.000308664	0.0520827
-0.000308414	0.0520873
-0.000308164	0.0520944
-0.000307913	0.0521041
-0.000307663	0.0521164
-0.000307413	0.0521313
-0.000307163	0.0521489
-0.000306913	0.0521691
-0.000306663	0.0521919
-0.000306413	0.0522175
-0.000306163	0.0522458
-0.000305913	0.0522768
-0.000305663	0.0523106
-0.000305413	0.0523472
-0.000305163	0.0523865
-0.000304913	0.0524288
-0.000304663	0.0524739
-0.000304413	0.0525218
-0.000304163	0.0525727
-0.000303913	0.0526265
-0.000303663	0.0526832
-0.000303413	0.0527429
-0.000303163	0.0528056
-0.000302913	0.0528712
-0.000302663	0.0529399
-0.000302413	0.0530117
-0.000302163	0.0530865
-0.000301913	0.0531644
-0.000301663	0.0532455
-0.000301413	0.0533296
-0.000301163	0.0534169
-0.000300913	0.0535074
-0.000300663	0.053601
-0.000300413	0.0536979
-0.000300163	0.053798
-0.000299912	0.0539013
-0.000299662	0.0540079
-0.000299412	0.0541178
-0.000299162	0.054231
-0.000298912	0.0543475
-0.000298662	0.0544674
-0.000298412	0.0545906
-0.000298162	0.0547172
-0.000297912	0.0548471
-0.000297662	0.0549805
-0.000297412	0.0551173
-0.000297162	0.0552576
-0.000296912	0.0554013
-0.000296662	0.0555484
-0.000296412	0.0556991
-0.000296162	0.0558533
-0.000295912	0.056011
-0.000295662	0.0561723
-0.000295412	0.0563371
-0.000295162	0.0565055
-0.000294912	0.0566774
-0.000294662	0.056853
-0.000294412	0.0570322
-0.000294162	0.057215
-0.000293912	0.0574015
-0.000293662	0.0575916
-0.000293412	0.0577854
-0.000293162	0.0579829
-0.000292912	0.0581841
-0.000292662	0.0583889
-0.000292412	0.0585976
-0.000292162	0.0588099
-0.000291911	0.059026
-0.000291661	0.0592459
-0.000291411	0.0594696
-0.000291161	0.059697
-0.000290911	0.0599282
-0.000290661	0.0601633
-0.000290411	0.0604022
-0.000290161	0.0606449
-0.000289911	0.0608914
-0.000289661	0.0611418
-0.000289411	0.0613961
-0.000289161	0.0616542
-0.000288911	0.0619162
-0.000288661	0.0621821
-0.000288411	0.0624519
-0.000288161	0.0627256
-0.000287911	0.0630033
-0.000287661	0.0632848
-0.000287411	0.0635703
-0.000287161	0.0638597
-0.000286911	0.0641531
-0.000286661	0.0644505
-0.000286411	0.0647518
-0.000286161	0.0650571
-0.000285911	0.0653663
-0.000285661	0.0656796
-0.000285411	0.0659968
-0.000285161	0.066318
-0.000284911	0.0666432
-0.000284661	0.0669725
-0.000284411	0.0673057
-0.000284161	0.067643
-0.00028391	0.0679842
-0.00028366	0.0683295
-0.00028341	0.0686789
-0.00028316	0.0690322
-0.00028291	0.0693896
-0.00028266	0.0697511
-0.00028241	0.0701165
-0.00028216	0.0704861
-0.00028191	0.0708596
-0.00028166	0.0712372
-0.00028141	0.0716189
-0.00028116	0.0720046
-0.00028091	0.0723943
-0.00028066	0.0727882
-0.00028041	0.073186
-0.00028016	0.0735879
-0.00027991	0.0739939
-0.00027966	0.0744039
-0.00027941	0.074818
-0.00027916	0.0752361
-0.00027891	0.0756583
-0.00027866	0.0760845
-0.00027841	0.0765148
-0.00027816	0.0769491
-0.00027791	0.0773875
-0.00027766	0.0778299
-0.00027741	0.0782763
-0.00027716	0.0787268
-0.00027691	0.0791813
-0.00027666	0.0796398
-0.00027641	0.0801023
-0.00027616	0.0805689
-0.000275909	0.0810395
-0.000275659	0.081514
-0.000275409	0.0819926
-0.000275159	0.0824752
-0.000274909	0.0829618
-0.000274659	0.0834524
-0.000274409	0.0839469
-0.000274159	0.0844454
-0.000273909	0.0849479
-0.000273659	0.0854544
-0.000273409	0.0859647
-0.000273159	0.0864791
-0.000272909	0.0869974
-0.000272659	0.0875196
-0.000272409	0.0880457
-0.000272159	0.0885757
-0.000271909	0.0891097
-0.000271659	0.0896475
-0.000271409	0.0901892
-0.000271159	0.0907348
-0.000270909	0.0912842
-0.000270659	0.0918375
-0.000270409	0.0923946
-0.000270159	0.0929556
-0.000269909	0.0935203
-0.000269659	0.0940889
-0.000269409	0.0946613
-0.000269159	0.0952374
-0.000268909	0.0958174
-0.000268659	0.096401
-0.000268409	0.0969885
-0.000268159	0.0975796
-0.000267908	0.0981745
-0.000267658	0.098773
-0.000267408	0.0993753
-0.000267158	0.0999812
-0.000266908	0.100591
-0.000266658	0.101204
-0.000266408	0.101821
-0.000266158	0.102441
-0.000265908	0.103065
-0.000265658	0.103693
-0.000265408	0.104324
-0.000265158	0.104959
-0.000264908	0.105597
-0.000264658	0.106239
-0.000264408	0.106884
-0.000264158	0.107533
-0.000263908	0.108185
-0.000263658	0.108841
-0.000263408	0.1095
-0.000263158	0.110162
-0.000262908	0.110828
-0.000262658	0.111497
-0.000262408	0.11217
-0.000262158	0.112846
-0.000261908	0.113525
-0.000261658	0.114208
-0.000261408	0.114893
-0.000261158	0.115582
-0.000260908	0.116274
-0.000260658	0.11697
-0.000260408	0.117668
-0.000260158	0.11837
-0.000259907	0.119075
-0.000259657	0.119783
-0.000259407	0.120494
-0.000259157	0.121208
-0.000258907	0.121925
-0.000258657	0.122645
-0.000258407	0.123368
-0.000258157	0.124094
-0.000257907	0.124824
-0.000257657	0.125556
-0.000257407	0.12629
-0.000257157	0.127028
-0.000256907	0.127769
-0.000256657	0.128512
-0.000256407	0.129258
-0.000256157	0.130007
-0.000255907	0.130759
-0.000255657	0.131513
-0.000255407	0.132271
-0.000255157	0.13303
-0.000254907	0.133793
-0.000254657	0.134558
-0.000254407	0.135325
-0.000254157	0.136096
-0.000253907	0.136868
-0.000253657	0.137643
-0.000253407	0.138421
-0.000253157	0.139201
-0.000252907	0.139984
-0.000252657	0.140769
-0.000252407	0.141556
-0.000252157	0.142345
-0.000251906	0.143137
-0.000251656	0.143931
-0.000251406	0.144728
-0.000251156	0.145526
-0.000250906	0.146327
-0.000250656	0.14713
-0.000250406	0.147935
-0.000250156	0.148742
-0.000249906	0.149551
-0.000249656	0.150362
-0.000249406	0.151175
-0.000249156	0.15199
-0.000248906	0.152807
-0.000248656	0.153626
-0.000248406	0.154447
-0.000248156	0.15527
-0.000247906	0.156094
-0.000247656	0.15692
-0.000247406	0.157748
-0.000247156	0.158578
-0.000246906	0.159409
-0.000246656	0.160242
-0.000246406	0.161077
-0.000246156	0.161913
-0.000245906	0.16275
-0.000245656	0.16359
-0.000245406	0.16443
-0.000245156	0.165272
-0.000244906	0.166116
-0.000244656	0.16696
-0.000244406	0.167806
-0.000244156	0.168654
-0.000243905	0.169503
-0.000243655	0.170352
-0.000243405	0.171204
-0.000243155	0.172056
-0.000242905	0.172909
-0.000242655	0.173764
-0.000242405	0.174619
-0.000242155	0.175476
-0.000241905	0.176333
-0.000241655	0.177192
-0.000241405	0.178051
-0.000241155	0.178911
-0.000240905	0.179772
-0.000240655	0.180634
-0.000240405	0.181497
-0.000240155	0.18236
-0.000239905	0.183224
-0.000239655	0.184089
-0.000239405	0.184954
-0.000239155	0.18582
-0.000238905	0.186687
-0.000238655	0.187554
-0.000238405	0.188421
-0.000238155	0.189289
-0.000237905	0.190158
-0.000237655	0.191026
-0.000237405	0.191895
-0.000237155	0.192765
-0.000236905	0.193634
-0.000236655	0.194504
-0.000236405	0.195374
-0.000236155	0.196244
-0.000235904	0.197114
-0.000235654	0.197984
-0.000235404	0.198855
-0.000235154	0.199725
-0.000234904	0.200595
-0.000234654	0.201465
-0.000234404	0.202336
-0.000234154	0.203205
-0.000233904	0.204075
-0.000233654	0.204945
-0.000233404	0.205814
-0.000233154	0.206683
-0.000232904	0.207551
-0.000232654	0.20842
-0.000232404	0.209287
-0.000232154	0.210155
-0.000231904	0.211022
-0.000231654	0.211888
-0.000231404	0.212754
-0.000231154	0.213619
-0.000230904	0.214484
-0.000230654	0.215347
-0.000230404	0.216211
-0.000230154	0.217073
-0.000229904	0.217935
-0.000229654	0.218795
-0.000229404	0.219655
-0.000229154	0.220514
-0.000228904	0.221373
-0.000228654	0.22223
-0.000228404	0.223086
-0.000228154	0.223941
-0.000227903	0.224795
-0.000227653	0.225648
-0.000227403	0.2265
-0.000227153	0.22735
-0.000226903	0.2282
-0.000226653	0.229048
-0.000226403	0.229895
-0.000226153	0.23074
-0.000225903	0.231584
-0.000225653	0.232427
-0.000225403	0.233268
-0.000225153	0.234108
-0.000224903	0.234946
-0.000224653	0.235783
-0.000224403	0.236618
-0.000224153	0.237452
-0.000223903	0.238283
-0.000223653	0.239114
-0.000223403	0.239942
-0.000223153	0.240769
-0.000222903	0.241594
-0.000222653	0.242417
-0.000222403	0.243238
-0.000222153	0.244058
-0.000221903	0.244875
-0.000221653	0.24569
-0.000221403	0.246504
-0.000221153	0.247315
-0.000220903	0.248125
-0.000220653	0.248932
-0.000220403	0.249737
-0.000220153	0.25054
-0.000219902	0.251341
-0.000219652	0.25214
-0.000219402	0.252936
-0.000219152	0.25373
-0.000218902	0.254522
-0.000218652	0.255311
-0.000218402	0.256098
-0.000218152	0.256883
-0.000217902	0.257665
-0.000217652	0.258444
-0.000217402	0.259222
-0.000217152	0.259996
-0.000216902	0.260768
-0.000216652	0.261537
-0.000216402	0.262304
-0.000216152	0.263068
-0.000215902	0.26383
-0.000215652	0.264588
-0.000215402	0.265344
-0.000215152	0.266097
-0.000214902	0.266848
-0.000214652	0.267595
-0.000214402	0.26834
-0.000214152	0.269082
-0.000213902	0.26982
-0.000213652	0.270556
-0.000213402	0.271289
-0.000213152	0.272019
-0.000212902	0.272746
-0.000212652	0.273469
-0.000212402	0.27419
-0.000212152	0.274908
-0.000211901	0.275622
-0.000211651	0.276333
-0.000211401	0.277041
-0.000211151	0.277746
-0.000210901	0.278448
-0.000210651	0.279146
-0.000210401	0.279841
-0.000210151	0.280533
-0.000209901	0.281221
-0.000209651	0.281906
-0.000209401	0.282588
-0.000209151	0.283266
-0.000208901	0.283941
-0.000208651	0.284612
-0.000208401	0.28528
-0.000208151	0.285944
-0.000207901	0.286605
-0.000207651	0.287262
-0.000207401	0.287916
-0.000207151	0.288566
-0.000206901	0.289212
-0.000206651	0.289855
-0.000206401	0.290495
-0.000206151	0.29113
-0.000205901	0.291762
-0.000205651	0.29239
-0.000205401	0.293015
-0.000205151	0.293635
-0.000204901	0.294252
-0.000204651	0.294865
-0.000204401	0.295475
-0.000204151	0.29608
-0.0002039	0.296682
-0.00020365	0.29728
-0.0002034	0.297874
-0.00020315	0.298464
-0.0002029	0.29905
-0.00020265	0.299632
-0.0002024	0.300211
-0.00020215	0.300785
-0.0002019	0.301356
-0.00020165	0.301922
-0.0002014	0.302485
-0.00020115	0.303043
-0.0002009	0.303598
-0.00020065	0.304148
-0.0002004	0.304695
-0.00020015	0.305237
-0.0001999	0.305776
-0.00019965	0.30631
-0.0001994	0.30684
-0.00019915	0.307366
-0.0001989	0.307888
-0.00019865	0.308406
-0.0001984	0.30892
-0.00019815	0.30943
-0.0001979	0.309936
-0.00019765	0.310437
-0.0001974	0.310934
-0.00019715	0.311428
-0.0001969	0.311917
-0.00019665	0.312401
-0.0001964	0.312882
-0.00019615	0.313358
-0.000195899	0.313831
-0.000195649	0.314299
-0.000195399	0.314763
-0.000195149	0.315222
-0.000194899	0.315678
-0.000194649	0.316129
-0.000194399	0.316576
-0.000194149	0.317019
-0.000193899	0.317458
-0.000193649	0.317892
-0.000193399	0.318322
-0.000193149	0.318748
-0.000192899	0.31917
-0.000192649	0.319588
-0.000192399	0.320001
-0.000192149	0.32041
-0.000191899	0.320815
-0.000191649	0.321215
-0.000191399	0.321612
-0.000191149	0.322004
-0.000190899	0.322392
-0.000190649	0.322776
-0.000190399	0.323155
-0.000190149	0.323531
-0.000189899	0.323902
-0.000189649	0.324269
-0.000189399	0.324632
-0.000189149	0.32499
-0.000188899	0.325345
-0.000188649	0.325695
-0.000188399	0.326041
-0.000188149	0.326383
-0.000187898	0.32672
-0.000187648	0.327054
-0.000187398	0.327383
-0.000187148	0.327709
-0.000186898	0.32803
-0.000186648	0.328347
-0.000186398	0.32866
-0.000186148	0.328969
-0.000185898	0.329274
-0.000185648	0.329574
-0.000185398	0.329871
-0.000185148	0.330164
-0.000184898	0.330452
-0.000184648	0.330737
-0.000184398	0.331017
-0.000184148	0.331294
-0.000183898	0.331566
-0.000183648	0.331835
-0.000183398	0.332099
-0.000183148	0.33236
-0.000182898	0.332616
-0.000182648	0.332869
-0.000182398	0.333118
-0.000182148	0.333363
-0.000181898	0.333604
-0.000181648	0.333841
-0.000181398	0.334075
-0.000181148	0.334304
-0.000180898	0.33453
-0.000180648	0.334752
-0.000180398	0.334971
-0.000180148	0.335185
-0.000179897	0.335396
-0.000179647	0.335603
-0.000179397	0.335806
-0.000179147	0.336006
-0.000178897	0.336202
-0.000178647	0.336395
-0.000178397	0.336584
-0.000178147	0.336769
-0.000177897	0.336951
-0.000177647	0.337129
-0.000177397	0.337304
-0.000177147	0.337475
-0.000176897	0.337643
-0.000176647	0.337808
-0.000176397	0.337969
-0.000176147	0.338126
-0.000175897	0.338281
-0.000175647	0.338432
-0.000175397	0.338579
-0.000175147	0.338724
-0.000174897	0.338865
-0.000174647	0.339003
-0.000174397	0.339138
-0.000174147	0.339269
-0.000173897	0.339398
-0.000173647	0.339523
-0.000173397	0.339645
-0.000173147	0.339765
-0.000172897	0.339881
-0.000172647	0.339994
-0.000172397	0.340104
-0.000172147	0.340212
-0.000171896	0.340316
-0.000171646	0.340418
-0.000171396	0.340517
-0.000171146	0.340613
-0.000170896	0.340706
-0.000170646	0.340797
-0.000170396	0.340885
-0.000170146	0.34097
-0.000169896	0.341053
-0.000169646	0.341133
-0.000169396	0.34121
-0.000169146	0.341285
-0.000168896	0.341358
-0.000168646	0.341428
-0.000168396	0.341495
-0.000168146	0.341561
-0.000167896	0.341624
-0.000167646	0.341684
-0.000167396	0.341743
-0.000167146	0.341799
-0.000166896	0.341853
-0.000166646	0.341905
-0.000166396	0.341954
-0.000166146	0.342002
-0.000165896	0.342048
-0.000165646	0.342091
-0.000165396	0.342133
-0.000165146	0.342173
-0.000164896	0.342211
-0.000164646	0.342247
-0.000164396	0.342282
-0.000164146	0.342314
-0.000163895	0.342345
-0.000163645	0.342374
-0.000163395	0.342402
-0.000163145	0.342428
-0.000162895	0.342453
-0.000162645	0.342476
-0.000162395	0.342498
-0.000162145	0.342518
-0.000161895	0.342537
-0.000161645	0.342554
-0.000161395	0.342571
-0.000161145	0.342586
-0.000160895	0.3426
-0.000160645	0.342613
-0.000160395	0.342624
-0.000160145	0.342635
-0.000159895	0.342645
-0.000159645	0.342654
-0.000159395	0.342661
-0.000159145	0.342668
-0.000158895	0.342675
-0.000158645	0.34268
-0.000158395	0.342685
-0.000158145	0.342689
-0.000157895	0.342692
-0.000157645	0.342695
-0.000157395	0.342698
-0.000157145	0.3427
-0.000156895	0.342701
-0.000156645	0.342702
-0.000156395	0.342703
-0.000156145	0.342704
-0.000155894	0.342704
-0.000155644	0.342704
-0.000155394	0.342704
-0.000155144	0.342704
-0.000154894	0.342704
-0.000154644	0.342704
-0.000154394	0.342704
-0.000154144	0.342704
-0.000153894	0.342704
-0.000153644	0.342705
-0.000153394	0.342706
-0.000153144	0.342707
-0.000152894	0.342708
-0.000152644	0.34271
-0.000152394	0.342713
-0.000152144	0.342715
-0.000151894	0.342719
-0.000151644	0.342723
-0.000151394	0.342728
-0.000151144	0.342734
-0.000150894	0.34274
-0.000150644	0.342747
-0.000150394	0.342755
-0.000150144	0.342764
-0.000149894	0.342774
-0.000149644	0.342786
-0.000149394	0.342798
-0.000149144	0.342811
-0.000148894	0.342826
-0.000148644	0.342842
-0.000148394	0.342859
-0.000148144	0.342877
-0.000147893	0.342897
-0.000147643	0.342919
-0.000147393	0.342942
-0.000147143	0.342966
-0.000146893	0.342993
-0.000146643	0.34302
-0.000146393	0.34305
-0.000146143	0.343082
-0.000145893	0.343115
-0.000145643	0.34315
-0.000145393	0.343187
-0.000145143	0.343226
-0.000144893	0.343268
-0.000144643	0.343311
-0.000144393	0.343356
-0.000144143	0.343404
-0.000143893	0.343454
-0.000143643	0.343507
-0.000143393	0.343561
-0.000143143	0.343619
-0.000142893	0.343678
-0.000142643	0.34374
-0.000142393	0.343805
-0.000142143	0.343873
-0.000141893	0.343943
-0.000141643	0.344016
-0.000141393	0.344092
-0.000141143	0.34417
-0.000140893	0.344252
-0.000140643	0.344336
-0.000140393	0.344424
-0.000140143	0.344514
-0.000139892	0.344608
-0.000139642	0.344705
-0.000139392	0.344805
-0.000139142	0.344909
-0.000138892	0.345016
-0.000138642	0.345126
-0.000138392	0.345239
-0.000138142	0.345357
-0.000137892	0.345477
-0.000137642	0.345602
-0.000137392	0.34573
-0.000137142	0.345861
-0.000136892	0.345997
-0.000136642	0.346136
-0.000136392	0.346279
-0.000136142	0.346426
-0.000135892	0.346577
-0.000135642	0.346732
-0.000135392	0.346891
-0.000135142	0.347054
-0.000134892	0.347222
-0.000134642	0.347393
-0.000134392	0.347569
-0.000134142	0.347749
-0.000133892	0.347934
-0.000133642	0.348123
-0.000133392	0.348316
-0.000133142	0.348514
-0.000132892	0.348717
-0.000132642	0.348924
-0.000132392	0.349136
-0.000132142	0.349352
-0.000131891	0.349574
-0.000131641	0.3498
-0.000131391	0.350031
-0.000131141	0.350267
-0.000130891	0.350507
-0.000130641	0.350753
-0.000130391	0.351004
-0.000130141	0.35126
-0.000129891	0.351521
-0.000129641	0.351788
-0.000129391	0.352059
-0.000129141	0.352336
-0.000128891	0.352618
-0.000128641	0.352906
-0.000128391	0.353199
-0.000128141	0.353497
-0.000127891	0.353801
-0.000127641	0.354111
-0.000127391	0.354426
-0.000127141	0.354747
-0.000126891	0.355073
-0.000126641	0.355405
-0.000126391	0.355743
-0.000126141	0.356087
-0.000125891	0.356437
-0.000125641	0.356792
-0.000125391	0.357154
-0.000125141	0.357521
-0.000124891	0.357894
-0.000124641	0.358274
-0.000124391	0.35866
-0.000124141	0.359051
-0.00012389	0.359449
-0.00012364	0.359854
-0.00012339	0.360264
-0.00012314	0.360681
-0.00012289	0.361104
-0.00012264	0.361533
-0.00012239	0.361969
-0.00012214	0.362412
-0.00012189	0.362861
-0.00012164	0.363316
-0.00012139	0.363778
-0.00012114	0.364247
-0.00012089	0.364722
-0.00012064	0.365204
-0.00012039	0.365692
-0.00012014	0.366188
-0.00011989	0.36669
-0.00011964	0.367199
-0.00011939	0.367714
-0.00011914	0.368237
-0.00011889	0.368767
-0.00011864	0.369303
-0.00011839	0.369847
-0.00011814	0.370397
-0.00011789	0.370955
-0.00011764	0.371519
-0.00011739	0.372091
-0.00011714	0.37267
-0.00011689	0.373256
-0.00011664	0.373849
-0.00011639	0.37445
-0.00011614	0.375057
-0.000115889	0.375672
-0.000115639	0.376294
-0.000115389	0.376924
-0.000115139	0.377561
-0.000114889	0.378205
-0.000114639	0.378857
-0.000114389	0.379516
-0.000114139	0.380182
-0.000113889	0.380856
-0.000113639	0.381538
-0.000113389	0.382227
-0.000113139	0.382924
-0.000112889	0.383628
-0.000112639	0.38434
-0.000112389	0.385059
-0.000112139	0.385786
-0.000111889	0.386521
-0.000111639	0.387263
-0.000111389	0.388013
-0.000111139	0.388771
-0.000110889	0.389536
-0.000110639	0.39031
-0.000110389	0.391091
-0.000110139	0.391879
-0.000109889	0.392676
-0.000109639	0.39348
-0.000109389	0.394293
-0.000109139	0.395113
-0.000108889	0.395941
-0.000108639	0.396777
-0.000108389	0.39762
-0.000108139	0.398472
-0.000107888	0.399331
-0.000107638	0.400199
-0.000107388	0.401074
-0.000107138	0.401958
-0.000106888	0.402849
-0.000106638	0.403748
-0.000106388	0.404655
-0.000106138	0.405571
-0.000105888	0.406494
-0.000105638	0.407425
-0.000105388	0.408364
-0.000105138	0.409311
-0.000104888	0.410267
-0.000104638	0.41123
-0.000104388	0.412201
-0.000104138	0.413181
-0.000103888	0.414168
-0.000103638	0.415163
-0.000103388	0.416167
-0.000103138	0.417178
-0.000102888	0.418198
-0.000102638	0.419226
-0.000102388	0.420261
-0.000102138	0.421305
-0.000101888	0.422357
-0.000101638	0.423417
-0.000101388	0.424485
-0.000101138	0.425561
-0.000100888	0.426645
-0.000100638	0.427737
-0.000100388	0.428837
-0.000100138	0.429945
-9.98875e-05	0.431061
-9.96375e-05	0.432185
-9.93874e-05	0.433317
-9.91374e-05	0.434457
-9.88874e-05	0.435606
-9.86373e-05	0.436762
-9.83873e-05	0.437926
-9.81373e-05	0.439098
-9.78872e-05	0.440278
-9.76372e-05	0.441466
-9.73872e-05	0.442662
-9.71371e-05	0.443866
-9.68871e-05	0.445078
-9.66371e-05	0.446298
-9.6387e-05	0.447526
-9.6137e-05	0.448761
-9.5887e-05	0.450005
-9.5637e-05	0.451256
-9.53869e-05	0.452515
-9.51369e-05	0.453782
-9.48869e-05	0.455057
-9.46368e-05	0.45634
-9.43868e-05	0.45763
-9.41368e-05	0.458928
-9.38867e-05	0.460234
-9.36367e-05	0.461548
-9.33867e-05	0.462869
-9.31366e-05	0.464198
-9.28866e-05	0.465535
-9.26366e-05	0.466879
-9.23865e-05	0.468231
-9.21365e-05	0.469591
-9.18865e-05	0.470958
-9.16365e-05	0.472333
-9.13864e-05	0.473715
-9.11364e-05	0.475104
-9.08864e-05	0.476502
-9.06363e-05	0.477906
-9.03863e-05	0.479318
-9.01363e-05	0.480738
-8.98862e-05	0.482164
-8.96362e-05	0.483599
-8.93862e-05	0.48504
-8.91361e-05	0.486489
-8.88861e-05	0.487945
-8.86361e-05	0.489408
-8.8386e-05	0.490879
-8.8136e-05	0.492356
-8.7886e-05	0.493841
-8.7636e-05	0.495333
-8.73859e-05	0.496832
-8.71359e-05	0.498337
-8.68859e-05	0.49985
-8.66358e-05	0.50137
-8.63858e-05	0.502897
-8.61358e-05	0.504431
-8.58857e-05	0.505971
-8.56357e-05	0.507519
-8.53857e-05	0.509073
-8.51356e-05	0.510634
-8.48856e-05	0.512201
-8.46356e-05	0.513776
-8.43855e-05	0.515356
-8.41355e-05	0.516944
-8.38855e-05	0.518538
-8.36355e-05	0.520138
-8.33854e-05	0.521745
-8.31354e-05	0.523359
-8.28854e-05	0.524978
-8.26353e-05	0.526605
-8.23853e-05	0.528237
-8.21353e-05	0.529876
-8.18852e-05	0.53152
-8.16352e-05	0.533171
-8.13852e-05	0.534829
-8.11351e-05	0.536492
-8.08851e-05	0.538161
-8.06351e-05	0.539836
-8.0385e-05	0.541517
-8.0135e-05	0.543204
-7.9885e-05	0.544897
-7.9635e-05	0.546595
-7.93849e-05	0.5483
-7.91349e-05	0.550009
-7.88849e-05	0.551725
-7.86348e-05	0.553446
-7.83848e-05	0.555173
-7.81348e-05	0.556905
-7.78847e-05	0.558642
-7.76347e-05	0.560385
-7.73847e-05	0.562133
-7.71346e-05	0.563887
-7.68846e-05	0.565645
-7.66346e-05	0.567409
-7.63845e-05	0.569178
-7.61345e-05	0.570952
-7.58845e-05	0.572731
-7.56345e-05	0.574515
-7.53844e-05	0.576303
-7.51344e-05	0.578097
-7.48844e-05	0.579895
-7.46343e-05	0.581698
-7.43843e-05	0.583505
-7.41343e-05	0.585317
-7.38842e-05	0.587134
-7.36342e-05	0.588955
-7.33842e-05	0.59078
-7.31341e-05	0.59261
-7.28841e-05	0.594444
-7.26341e-05	0.596282
-7.2384e-05	0.598124
-7.2134e-05	0.599971
-7.1884e-05	0.601821
-7.1634e-05	0.603675
-7.13839e-05	0.605533
-7.11339e-05	0.607395
-7.08839e-05	0.609261
-7.06338e-05	0.611131
-7.03838e-05	0.613004
-7.01338e-05	0.61488
-6.98837e-05	0.61676
-6.96337e-05	0.618644
-6.93837e-05	0.620531
-6.91336e-05	0.622421
-6.88836e-05	0.624314
-6.86336e-05	0.626211
-6.83835e-05	0.62811
-6.81335e-05	0.630013
-6.78835e-05	0.631918
-6.76335e-05	0.633827
-6.73834e-05	0.635738
-6.71334e-05	0.637652
-6.68834e-05	0.639568
-6.66333e-05	0.641487
-6.63833e-05	0.643409
-6.61333e-05	0.645333
-6.58832e-05	0.64726
-6.56332e-05	0.649188
-6.53832e-05	0.651119
-6.51331e-05	0.653052
-6.48831e-05	0.654988
-6.46331e-05	0.656925
-6.4383e-05	0.658864
-6.4133e-05	0.660805
-6.3883e-05	0.662748
-6.3633e-05	0.664692
-6.33829e-05	0.666638
-6.31329e-05	0.668586
-6.28829e-05	0.670535
-6.26328e-05	0.672485
-6.23828e-05	0.674437
-6.21328e-05	0.67639
-6.18827e-05	0.678345
-6.16327e-05	0.6803
-6.13827e-05	0.682256
-6.11326e-05	0.684214
-6.08826e-05	0.686172
-6.06326e-05	0.688131
-6.03825e-05	0.69009
-6.01325e-05	0.692051
-5.98825e-05	0.694011
-5.96325e-05	0.695973
-5.93824e-05	0.697934
-5.91324e-05	0.699896
-5.88824e-05	0.701858
-5.86323e-05	0.703821
-5.83823e-05	0.705783
-5.81323e-05	0.707746
-5.78822e-05	0.709708
-5.76322e-05	0.71167
-5.73822e-05	0.713632
-5.71321e-05	0.715594
-5.68821e-05	0.717555
-5.66321e-05	0.719515
-5.6382e-05	0.721475
-5.6132e-05	0.723435
-5.5882e-05	0.725394
-5.5632e-05	0.727351
-5.53819e-05	0.729308
-5.51319e-05	0.731264
-5.48819e-05	0.733219
-5.46318e-05	0.735173
-5.43818e-05	0.737126
-5.41318e-05	0.739077
-5.38817e-05	0.741027
-5.36317e-05	0.742975
-5.33817e-05	0.744922
-5.31316e-05	0.746867
-5.28816e-05	0.74881
-5.26316e-05	0.750752
-5.23815e-05	0.752692
-5.21315e-05	0.754629
-5.18815e-05	0.756565
-5.16315e-05	0.758498
-5.13814e-05	0.76043
-5.11314e-05	0.762359
-5.08814e-05	0.764285
-5.06313e-05	0.766209
-5.03813e-05	0.768131
-5.01313e-05	0.77005
-4.98812e-05	0.771966
-4.96312e-05	0.77388
-4.93812e-05	0.77579
-4.91311e-05	0.777698
-4.88811e-05	0.779602
-4.86311e-05	0.781503
-4.8381e-05	0.783401
-4.8131e-05	0.785296
-4.7881e-05	0.787188
-4.7631e-05	0.789076
-4.73809e-05	0.79096
-4.71309e-05	0.792841
-4.68809e-05	0.794718
-4.66308e-05	0.796591
-4.63808e-05	0.79846
-4.61308e-05	0.800325
-4.58807e-05	0.802187
-4.56307e-05	0.804044
-4.53807e-05	0.805897
-4.51306e-05	0.807745
-4.48806e-05	0.809589
-4.46306e-05	0.811429
-4.43805e-05	0.813264
-4.41305e-05	0.815095
-4.38805e-05	0.816921
-4.36305e-05	0.818742
-4.33804e-05	0.820558
-4.31304e-05	0.822369
-4.28804e-05	0.824175
-4.26303e-05	0.825976
-4.23803e-05	0.827772
-4.21303e-05	0.829562
-4.18802e-05	0.831347
-4.16302e-05	0.833127
-4.13802e-05	0.834901
-4.11301e-05	0.83667
-4.08801e-05	0.838432
-4.06301e-05	0.840189
-4.038e-05	0.841941
-4.013e-05	0.843686
-3.988e-05	0.845425
-3.963e-05	0.847158
-3.93799e-05	0.848885
-3.91299e-05	0.850606
-3.88799e-05	0.85232
-3.86298e-05	0.854028
-3.83798e-05	0.855729
-3.81298e-05	0.857424
-3.78797e-05	0.859112
-3.76297e-05	0.860794
-3.73797e-05	0.862468
-3.71296e-05	0.864136
-3.68796e-05	0.865797
-3.66296e-05	0.867451
-3.63795e-05	0.869097
-3.61295e-05	0.870737
-3.58795e-05	0.872369
-3.56295e-05	0.873994
-3.53794e-05	0.875611
-3.51294e-05	0.877221
-3.48794e-05	0.878823
-3.46293e-05	0.880418
-3.43793e-05	0.882005
-3.41293e-05	0.883584
-3.38792e-05	0.885155
-3.36292e-05	0.886719
-3.33792e-05	0.888274
-3.31291e-05	0.889821
-3.28791e-05	0.89136
-3.26291e-05	0.892891
-3.2379e-05	0.894414
-3.2129e-05	0.895928
-3.1879e-05	0.897434
-3.1629e-05	0.898931
-3.13789e-05	0.900419
-3.11289e-05	0.901899
-3.08789e-05	0.90337
-3.06288e-05	0.904833
-3.03788e-05	0.906286
-3.01288e-05	0.907731
-2.98787e-05	0.909166
-2.96287e-05	0.910593
-2.93787e-05	0.91201
-2.91286e-05	0.913418
-2.88786e-05	0.914817
-2.86286e-05	0.916206
-2.83785e-05	0.917586
-2.81285e-05	0.918957
-2.78785e-05	0.920318
-2.76285e-05	0.921669
-2.73784e-05	0.923011
-2.71284e-05	0.924343
-2.68784e-05	0.925665
-2.66283e-05	0.926978
-2.63783e-05	0.92828
-2.61283e-05	0.929572
-2.58782e-05	0.930855
-2.56282e-05	0.932127
-2.53782e-05	0.933389
-2.51281e-05	0.934641
-2.48781e-05	0.935882
-2.46281e-05	0.937113
-2.4378e-05	0.938334
-2.4128e-05	0.939544
-2.3878e-05	0.940744
-2.3628e-05	0.941933
-2.33779e-05	0.943112
-2.31279e-05	0.944279
-2.28779e-05	0.945436
-2.26278e-05	0.946582
-2.23778e-05	0.947718
-2.21278e-05	0.948842
-2.18777e-05	0.949955
-2.16277e-05	0.951058
-2.13777e-05	0.952149
-2.11276e-05	0.953229
-2.08776e-05	0.954298
-2.06276e-05	0.955356
-2.03775e-05	0.956402
-2.01275e-05	0.957437
-1.98775e-05	0.95846
-1.96275e-05	0.959473
-1.93774e-05	0.960473
-1.91274e-05	0.961462
-1.88774e-05	0.96244
-1.86273e-05	0.963406
-1.83773e-05	0.96436
-1.81273e-05	0.965302
-1.78772e-05	0.966233
-1.76272e-05	0.967151
-1.73772e-05	0.968058
-1.71271e-05	0.968953
-1.68771e-05	0.969836
-1.66271e-05	0.970707
-1.6377e-05	0.971566
-1.6127e-05	0.972413
-1.5877e-05	0.973248
-1.5627e-05	0.97407
-1.53769e-05	0.974881
-1.51269e-05	0.975679
-1.48769e-05	0.976465
-1.46268e-05	0.977238
-1.43768e-05	0.977999
-1.41268e-05	0.978748
-1.38767e-05	0.979484
-1.36267e-05	0.980208
-1.33767e-05	0.980919
-1.31266e-05	0.981618
-1.28766e-05	0.982304
-1.26266e-05	0.982977
-1.23765e-05	0.983638
-1.21265e-05	0.984286
-1.18765e-05	0.984922
-1.16265e-05	0.985544
-1.13764e-05	0.986154
-1.11264e-05	0.986751
-1.08764e-05	0.987335
-1.06263e-05	0.987907
-1.03763e-05	0.988465
-1.01263e-05	0.989011
-9.87623e-06	0.989543
-9.6262e-06	0.990063
-9.37617e-06	0.99057
-9.12614e-06	0.991063
-8.87611e-06	0.991544
-8.62608e-06	0.992011
-8.37605e-06	0.992466
-8.12602e-06	0.992907
-7.87598e-06	0.993335
-7.62595e-06	0.99375
-7.37592e-06	0.994152
-7.12589e-06	0.99454
-6.87586e-06	0.994916
-6.62583e-06	0.995278
-6.3758e-06	0.995627
-6.12577e-06	0.995962
-5.87573e-06	0.996285
-5.6257e-06	0.996594
-5.37567e-06	0.996889
-5.12564e-06	0.997172
-4.87561e-06	0.99744
-4.62558e-06	0.997696
-4.37555e-06	0.997938
-4.12552e-06	0.998167
-3.87548e-06	0.998383
-3.62545e-06	0.998585
-3.37542e-06	0.998773
-3.12539e-06	0.998948
-2.87536e-06	0.99911
-2.62533e-06	0.999258
-2.3753e-06	0.999393
-2.12527e-06	0.999514
-1.87523e-06	0.999622
-1.6252e-06	0.999717
-1.37517e-06	0.999798
-1.12514e-06	0.999865
-8.75109e-07	0.999919
-6.25078e-07	0.99996
-3.75047e-07	0.999987
-1.25016e-07	1
1.25016e-07	1
3.75047e-07	0.999987
6.25078e-07	0.99996
8.75109e-07	0.999919
1.12514e-06	0.999865
1.37517e-06	0.999798
1.6252e-06	0.999717
1.87523e-06	0.999622
2.12527e-06	0.999514
2.3753e-06	0.999393
2.62533e-06	0.999258
2.87536e-06	0.99911
3.12539e-06	0.998948
3.37542e-06	0.998773
3.62545e-06	0.998585
3.87548e-06	0.998383
4.12552e-06	0.998167
4.37555e-06	0.997938
4.62558e-06	0.997696
4.87561e-06	0.99744
5.12564e-06	0.997172
5.37567e-06	0.996889
5.6257e-06	0.996594
5.87573e-06	0.996285
6.12577e-06	0.995962
6.3758e-06	0.995627
6.62583e-06	0.995278
6.87586e-06	0.994916
7.12589e-06	0.99454
7.37592e-06	0.994152
7.62595e-06	0.99375
7.87598e-06	0.993335
8.12602e-06	0.992907
8.37605e-06	0.992466
8.62608e-06	0.992011
8.87611e-06	0.991544
9.12614e-06	0.991063
9.37617e-06	0.99057
9.6262e-06	0.990063
9.87623e-06	0.989543
1.01263e-05	0.989011
1.03763e-05	0.988465
1.06263e-05	0.987907
1.08764e-05	0.987335
1.11264e-05	0.986751
1.13764e-05	0.986154
1.16265e-05	0.985544
1.18765e-05	0.984922
1.21265e-05	0.984286
1.23765e-05	0.983638
1.26266e-05	0.982977
1.28766e-05	0.982304
1.31266e-05	0.981618
1.33767e-05	0.980919
1.36267e-05	0.980208
1.38767e-05	0.979484
1.41268e-05	0.978748
1.43768e-05	0.977999
1.46268e-05	0.977238
1.48769e-05	0.976465
1.51269e-05	0.975679
1.53769e-05	0.974881
1.5627e-05	0.97407
1.5877e-05	0.973248
1.6127e-05	0.972413
1.6377e-05	0.971566
1.66271e-05	0.970707
1.68771e-05	0.969836
1.71271e-05	0.968953
1.73772e-05	0.968058
1.76272e-05	0.967151
1.78772e-05	0.966233
1.81273e-05	0.965302
1.83773e-05	0.96436
1.86273e-05	0.963406
1.88774e-05	0.96244
1.91274e-05	0.961462
1.93774e-05	0.960473
1.96275e-05	0.959473
1.98775e-05	0.95846
2.01275e-05	0.957437
2.03775e-05	0.956402
2.06276e-05	0.955356
2.08776e-05	0.954298
2.11276e-05	0.953229
2.13777e-05	0.952149
2.16277e-05	0.951058
2.18777e-05	0.949955
2.21278e-05	0.948842
2.23778e-05	0.947718
2.26278e-05	0.946582
2.28779e-05	0.945436
2.31279e-05	0.944279
2.33779e-05	0.943112
2.3628e-05	0.941933
2.3878e-05	0.940744
2.4128e-05	0.939544
2.4378e-05	0.938334
2.46281e-05	0.937113
2.48781e-05	0.935882
2.51281e-05	0.934641
2.53782e-05	0.933389
2.56282e-05	0.932127
2.58782e-05	0.930855
2.61283e-05	0.929572
2.63783e-05	0.92828
2.66283e-05	0.926978
2.68784e-05	0.925665
2.71284e-05	0.924343
2.73784e-05	0.923011
2.76285e-05	0.921669
2.78785e-05	0.920318
2.81285e-05	0.918957
2.83785e-05	0.917586
2.86286e-05	0.916206
2.88786e-05	0.914817
2.91286e-05	0.913418
2.93787e-05	0.91201
2.96287e-05	0.910593
2.98787e-05	0.909166
3.01288e-05	0.907731
3.03788e-05	0.906286
3.06288e-05	0.904833
3.08789e-05	0.90337
3.11289e-05	0.901899
3.13789e-05	0.900419
3.1629e-05	0.898931
3.1879e-05	0.897434
3.2129e-05	0.895928
3.2379e-05	0.894414
3.26291e-05	0.892891
3.28791e-05	0.89136
3.31291e-05	0.889821
3.33792e-05	0.888274
3.36292e-05	0.886719
3.38792e-05	0.885155
3.41293e-05	0.883584
3.43793e-05	0.882005
3.46293e-05	0.880418
3.48794e-05	0.878823
3.51294e-05	0.877221
3.53794e-05	0.875611
3.56295e-05	0.873994
3.58795e-05	0.872369
3.61295e-05	0.870737
3.63795e-05	0.869097
3.66296e-05	0.867451
3.68796e-05	0.865797
3.71296e-05	0.864136
3.73797e-05	0.862468
3.76297e-05	0.860794
3.78797e-05	0.859112
3.81298e-05	0.857424
3.83798e-05	0.855729
3.86298e-05	0.854028
3.88799e-05	0.85232
3.91299e-05	0.850606
3.93799e-05	0.848885
3.963e-05	0.847158
3.988e-05	0.845425
4.013e-05	0.843686
4.038e-05	0.841941
4.06301e-05	0.840189
4.08801e-05	0.838432
4.11301e-05	0.83667
4.13802e-05	0.834901
4.16302e-05	0.833127
4.18802e-05	0.831347
4.21303e-05	0.829562
4.23803e-05	0.827772
4.26303e-05	0.825976
4.28804e-05	0.824175
4.31304e-05	0.822369
4.33804e-05	0.820558
4.36305e-05	0.818742
4.38805e-05	0.816921
4.41305e-05	0.815095
4.43805e-05	0.813264
4.46306e-05	0.811429
4.48806e-05	0.809589
4.51306e-05	0.807745
4.53807e-05	0.805897
4.56307e-05	0.804044
4.58807e-05	0.802187
4.61308e-05	0.800325
4.63808e-05	0.79846
4.66308e-05	0.796591
4.68809e-05	0.794718
4.71309e-05	0.792841
4.73809e-05	0.79096
4.7631e-05	0.789076
4.7881e-05	0.787188
4.8131e-05	0.785296
4.8381e-05	0.783401
4.86311e-05	0.781503
4.88811e-05	0.779602
4.91311e-05	0.777698
4.93812e-05	0.77579
4.96312e-05	0.77388
4.98812e-05	0.771966
5.01313e-05	0.77005
5.03813e-05	0.768131
5.06313e-05	0.766209
5.08814e-05	0.764285
5.11314e-05	0.762359
5.13814e-05	0.76043
5.16315e-05	0.758498
5.18815e-05	0.756565
5.21315e-05	0.754629
5.23815e-05	0.752692
5.26316e-05	0.750752
5.28816e-05	0.74881
5.31316e-05	0.746867
5.33817e-05	0.744922
5.36317e-05	0.742975
5.38817e-05	0.741027
5.41318e-05	0.739077
5.43818e-05	0.737126
5.46318e-05	0.735173
5.48819e-05	0.733219
5.51319e-05	0.731264
5.53819e-05	0.729308
5.5632e-05	0.727351
5.5882e-05	0.725394
5.6132e-05	0.723435
5.6382e-05	0.721475
5.66321e-05	0.719515
5.68821e-05	0.717555
5.71321e-05	0.715594
5.73822e-05	0.713632
5.76322e-05	0.71167
5.78822e-05	0.709708
5.81323e-05	0.707746
5.83823e-05	0.705783
5.86323e-05	0.703821
5.88824e-05	0.701858
5.91324e-05	0.699896
5.93824e-05	0.697934
5.96325e-05	0.695973
5.98825e-05	0.694011
6.01325e-05	0.692051
6.03825e-05	0.69009
6.06326e-05	0.688131
6.08826e-05	0.686172
6.11326e-05	0.684214
6.13827e-05	0.682256
6.16327e-05	0.6803
6.18827e-05	0.678345
6.21328e-05	0.67639
6.23828e-05	0.674437
6.26328e-05	0.672485
6.28829e-05	0.670535
6.31329e-05	0.668586
6.33829e-05	0.666638
6.3633e-05	0.664692
6.3883e-05	0.662748
6.4133e-05	0.660805
6.4383e-05	0.658864
6.46331e-05	0.656925
6.48831e-05	0.654988
6.51331e-05	0.653052
6.53832e-05	0.651119
6.56332e-05	0.649188
6.58832e-05	0.64726
6.61333e-05	0.645333
6.63833e-05	0.643409
6.66333e-05	0.641487
6.68834e-05	0.639568
6.71334e-05	0.637652
6.73834e-05	0.635738
6.76335e-05	0.633827
6.78835e-05	0.631918
6.81335e-05	0.630013
6.83835e-05	0.62811
6.86336e-05	0.626211
6.88836e-05	0.624314
6.91336e-05	0.622421
6.93837e-05	0.620531
6.96337e-05	0.618644
6.98837e-05	0.61676
7.01338e-05	0.61488
7.03838e-05	0.613004
7.06338e-05	0.611131
7.08839e-05	0.609261
7.11339e-05	0.607395
7.13839e-05	0.605533
7.1634e-05	0.603675
7.1884e-05	0.601821
7.2134e-05	0.599971
7.2384e-05	0.598124
7.26341e-05	0.596282
7.28841e-05	0.594444
7.31341e-05	0.59261
7.33842e-05	0.59078
7.36342e-05	0.588955
7.38842e-05	0.587134
7.41343e-05	0.585317
7.43843e-05	0.583505
7.46343e-05	0.581698
7.48844e-05	0.579895
7.51344e-05	0.578097
7.53844e-05	0.576303
7.56345e-05	0.574515
7.58845e-05	0.572731
7.61345e-05	0.570952
7.63845e-05	0.569178
7.66346e-05	0.567409
7.68846e-05	0.565645
7.71346e-05	0.563887
7.73847e-05	0.562133
7.76347e-05	0.560385
7.78847e-05	0.558642
7.81348e-05	0.556905
7.83848e-05	0.555173
7.86348e-05	0.553446
7.88849e-05	0.551725
7.91349e-05	0.550009
7.93849e-05	0.5483
7.9635e-05	0.546595
7.9885e-05	0.544897
8.0135e-05	0.543204
8.0385e-05	0.541517
8.06351e-05	0.539836
8.08851e-05	0.538161
8.11351e-05	0.536492
8.13852e-05	0.534829
8.16352e-05	0.533171
8.18852e-05	0.53152
8.21353e-05	0.529876
8.23853e-05	0.528237
8.26353e-05	0.526605
8.28854e-05	0.524978
8.31354e-05	0.523359
8.33854e-05	0.521745
8.36355e-05	0.520138
8.38855e-05	0.518538
8.41355e-05	0.516944
8.43855e-05	0.515356
8.46356e-05	0.513776
8.48856e-05	0.512201
8.51356e-05	0.510634
8.53857e-05	0.509073
8.56357e-05	0.507519
8.58857e-05	0.505971
8.61358e-05	0.504431
8.63858e-05	0.502897
8.66358e-05	0.50137
8.68859e-05	0.49985
8.71359e-05	0.498337
8.73859e-05	0.496832
8.7636e-05	0.495333
8.7886e-05	0.493841
8.8136e-05	0.492356
8.8386e-05	0.490879
8.86361e-05	0.489408
8.88861e-05	0.487945
8.91361e-05	0.486489
8.93862e-05	0.48504
8.96362e-05	0.483599
8.98862e-05	0.482164
9.01363e-05	0.480738
9.03863e-05	0.479318
9.06363e-05	0.477906
9.08864e-05	0.476502
9.11364e-05	0.475104
9.13864e-05	0.473715
9.16365e-05	0.472333
9.18865e-05	0.470958
9.21365e-05	0.469591
9.23865e-05	0.468231
9.26366e-05	0.466879
9.28866e-05	0.465535
9.31366e-05	0.464198
9.33867e-05	0.462869
9.36367e-05	0.461548
9.38867e-05	0.460234
9.41368e-05	0.458928
9.43868e-05	0.45763
9.46368e-05	0.45634
9.48869e-05	0.455057
9.51369e-05	0.453782
9.53869e-05	0.452515
9.5637e-05	0.451256
9.5887e-05	0.450005
9.6137e-05	0.448761
9.6387e-05	0.447526
9.66371e-05	0.446298
9.68871e-05	0.445078
9.71371e-05	0.443866
9.73872e-05	0.442662
9.76372e-05	0.441466
9.78872e-05	0.440278
9.81373e-05	0.439098
9.83873e-05	0.437926
9.86373e-05	0.436762
9.88874e-05	0.435606
9.91374e-05	0.434457
9.93874e-05	0.433317
9.96375e-05	0.432185
9.98875e-05	0.431061
0.000100138	0.429945
0.000100388	0.428837
0.000100638	0.427737
0.000100888	0.426645
0.000101138	0.425561
0.000101388	0.424485
0.000101638	0.423417
0.000101888	0.422357
0.000102138	0.421305
0.000102388	0.420261
0.000102638	0.419226
0.000102888	0.418198
0.000103138	0.417178
0.000103388	0.416167
0.000103638	0.415163
0.000103888	0.414168
0.000104138	0.413181
0.000104388	0.412201
0.000104638	0.41123
0.000104888	0.410267
0.000105138	0.409311
0.000105388	0.408364
0.000105638	0.407425
0.000105888	0.406494
0.000106138	0.405571
0.000106388	0.404655
0.000106638	0.403748
0.000106888	0.402849
0.000107138	0.401958
0.000107388	0.401074
0.000107638	0.400199
0.000107888	0.399331
0.000108139	0.398472
0.000108389	0.39762
0.000108639	0.396777
0.000108889	0.395941
0.000109139	0.395113
0.000109389	0.394293
0.000109639	0.39348
0.000109889	0.392676
0.000110139	0.391879
0.000110389	0.391091
0.000110639	0.39031
0.000110889	0.389536
0.000111139	0.388771
0.000111389	0.388013
0.000111639	0.387263
0.000111889	0.386521
0.000112139	0.385786
0.000112389	0.385059
0.000112639	0.38434
0.000112889	0.383628
0.000113139	0.382924
0.000113389	0.382227
0.000113639	0.381538
0.000113889	0.380856
0.000114139	0.380182
0.000114389	0.379516
0.000114639	0.378857
0.000114889	0.378205
0.000115139	0.377561
0.000115389	0.376924
0.000115639	0.376294
0.000115889	0.375672
0.00011614	0.375057
0.00011639	0.37445
0.00011664	0.373849
0.00011689	0.373256
0.00011714	0.37267
0.00011739	0.372091
0.00011764	0.371519
0.00011789	0.370955
0.00011814	0.370397
0.00011839	0.369847
0.00011864	0.369303
0.00011889	0.368767
0.00011914	0.368237
0.00011939	0.367714
0.00011964	0.367199
0.00011989	0.36669
0.00012014	0.366188
0.00012039	0.365692
0.00012064	0.365204
0.00012089	0.364722
0.00012114	0.364247
0.00012139	0.363778
0.00012164	0.363316
0.00012189	0.362861
0.00012214	0.362412
0.00012239	0.361969
0.00012264	0.361533
0.00012289	0.361104
0.00012314	0.360681
0.00012339	0.360264
0.00012364	0.359854
0.00012389	0.359449
0.000124141	0.359051
0.000124391	0.35866
0.000124641	0.358274
0.000124891	0.357894
0.000125141	0.357521
0.000125391	0.357154
0.000125641	0.356792
0.000125891	0.356437
0.000126141	0.356087
0.000126391	0.355743
0.000126641	0.355405
0.000126891	0.355073
0.000127141	0.354747
0.000127391	0.354426
0.000127641	0.354111
0.000127891	0.353801
0.000128141	0.353497
0.000128391	0.353199
0.000128641	0.352906
0.000128891	0.352618
0.000129141	0.352336
0.000129391	0.352059
0.000129641	0.351788
0.000129891	0.351521
0.000130141	0.35126
0.000130391	0.351004
0.000130641	0.350753
0.000130891	0.350507
0.000131141	0.350267
0.000131391	0.350031
0.000131641	0.3498
0.000131891	0.349574
0.000132142	0.349352
0.000132392	0.349136
0.000132642	0.348924
0.000132892	0.348717
0.000133142	0.348514
0.000133392	0.348316
0.000133642	0.348123
0.000133892	0.347934
0.000134142	0.347749
0.000134392	0.347569
0.000134642	0.347393
0.000134892	0.347222
0.000135142	0.347054
0.000135392	0.346891
0.000135642	0.346732
0.000135892	0.346577
0.000136142	0.346426
0.000136392	0.346279
0.000136642	0.346136
0.000136892	0.345997
0.000137142	0.345861
0.000137392	0.34573
0.000137642	0.345602
0.000137892	0.345477
0.000138142	0.345357
0.000138392	0.345239
0.000138642	0.345126
0.000138892	0.345016
0.000139142	0.344909
0.000139392	0.344805
0.000139642	0.344705
0.000139892	0.344608
0.000140143	0.344514
0.000140393	0.344424
0.000140643	0.344336
0.000140893	0.344252
0.000141143	0.34417
0.000141393	0.344092
0.000141643	0.344016
0.000141893	0.343943
0.000142143	0.343873
0.000142393	0.343805
0.000142643	0.34374
0.000142893	0.343678
0.000143143	0.343619
0.000143393	0.343561
0.000143643	0.343507
0.000143893	0.343454
0.000144143	0.343404
0.000144393	0.343356
0.000144643	0.343311
0.000144893	0.343268
0.000145143	0.343226
0.000145393	0.343187
0.000145643	0.34315
0.000145893	0.343115
0.000146143	0.343082
0.000146393	0.34305
0.000146643	0.34302
0.000146893	0.342993
0.000147143	0.342966
0.000147393	0.342942
0.000147643	0.342919
0.000147893	0.342897
0.000148144	0.342877
0.000148394	0.342859
0.000148644	0.342842
0.000148894	0.342826
0.000149144	0.342811
0.000149394	0.342798
0.000149644	0.342786
0.000149894	0.342774
0.000150144	0.342764
0.000150394	0.342755
0.000150644	0.342747
0.000150894	0.34274
0.000151144	0.342734
0.000151394	0.342728
0.000151644	0.342723
0.000151894	0.342719
0.000152144	0.342715
0.000152394	0.342713
0.000152644	0.34271
0.000152894	0.342708
0.000153144	0.342707
0.000153394	0.342706
0.000153644	0.342705
0.000153894	0.342704
0.000154144	0.342704
0.000154394	0.342704
0.000154644	0.342704
0.000154894	0.342704
0.000155144	0.342704
0.000155394	0.342704
0.000155644	0.342704
0.000155894	0.342704
0.000156145	0.342704
0.000156395	0.342703
0.000156645	0.342702
0.000156895	0.342701
0.000157145	0.3427
0.000157395	0.342698
0.000157645	0.342695
0.000157895	0.342692
0.000158145	0.342689
0.000158395	0.342685
0.000158645	0.34268
0.000158895	0.342675
0.000159145	0.342668
0.000159395	0.342661
0.000159645	0.342654
0.000159895	0.342645
0.000160145	0.342635
0.000160395	0.342624
0.000160645	0.342613
0.000160895	0.3426
0.000161145	0.342586
0.000161395	0.342571
0.000161645	0.342554
0.000161895	0.342537
0.000162145	0.342518
0.000162395	0.342498
0.000162645	0.342476
0.000162895	0.342453
0.000163145	0.342428
0.000163395	0.342402
0.000163645	0.342374
0.000163895	0.342345
0.000164146	0.342314
0.000164396	0.342282
0.000164646	0.342247
0.000164896	0.342211
0.000165146	0.342173
0.000165396	0.342133
0.000165646	0.342091
0.000165896	0.342048
0.000166146	0.342002
0.000166396	0.341954
0.000166646	0.341905
0.000166896	0.341853
0.000167146	0.341799
0.000167396	0.341743
0.000167646	0.341684
0.000167896	0.341624
0.000168146	0.341561
0.000168396	0.341495
0.000168646	0.341428
0.000168896	0.341358
0.000169146	0.341285
0.000169396	0.34121
0.000169646	0.341133
0.000169896	0.341053
0.000170146	0.34097
0.000170396	0.340885
0.000170646	0.340797
0.000170896	0.340706
0.000171146	0.340613
0.000171396	0.340517
0.000171646	0.340418
0.000171896	0.340316
0.000172147	0.340212
0.000172397	0.340104
0.000172647	0.339994
0.000172897	0.339881
0.000173147	0.339765
0.000173397	0.339645
0.000173647	0.339523
0.000173897	0.339398
0.000174147	0.339269
0.000174397	0.339138
0.000174647	0.339003
0.000174897	0.338865
0.000175147	0.338724
0.000175397	0.338579
0.000175647	0.338432
0.000175897	0.338281
0.000176147	0.338126
0.000176397	0.337969
0.000176647	0.337808
0.000176897	0.337643
0.000177147	0.337475
0.000177397	0.337304
0.000177647	0.337129
0.000177897	0.336951
0.000178147	0.336769
0.000178397	0.336584
0.000178647	0.336395
0.000178897	0.336202
0.000179147	0.336006
0.000179397	0.335806
0.000179647	0.335603
0.000179897	0.335396
0.000180148	0.335185
0.000180398	0.334971
0.000180648	0.334752
0.000180898	0.33453
0.000181148	0.334304
0.000181398	0.334075
0.000181648	0.333841
0.000181898	0.333604
0.000182148	0.333363
0.000182398	0.333118
0.000182648	0.332869
0.000182898	0.332616
0.000183148	0.33236
0.000183398	0.332099
0.000183648	0.331835
0.000183898	0.331566
0.000184148	0.331294
0.000184398	0.331017
0.000184648	0.330737
0.000184898	0.330452
0.000185148	0.330164
0.000185398	0.329871
0.000185648	0.329574
0.000185898	0.329274
0.000186148	0.328969
0.000186398	0.32866
0.000186648	0.328347
0.000186898	0.32803
0.000187148	0.327709
0.000187398	0.327383
0.000187648	0.327054
0.000187898	0.32672
0.000188149	0.326383
0.000188399	0.326041
0.000188649	0.325695
0.000188899	0.325345
0.000189149	0.32499
0.000189399	0.324632
0.000189649	0.324269
0.000189899	0.323902
0.000190149	0.323531
0.000190399	0.323155
0.000190649	0.322776
0.000190899	0.322392
0.000191149	0.322004
0.000191399	0.321612
0.000191649	0.321215
0.000191899	0.320815
0.000192149	0.32041
0.000192399	0.320001
0.000192649	0.319588
0.000192899	0.31917
0.000193149	0.318748
0.000193399	0.318322
0.000193649	0.317892
0.000193899	0.317458
0.000194149	0.317019
0.000194399	0.316576
0.000194649	0.316129
0.000194899	0.315678
0.000195149	0.315222
0.000195399	0.314763
0.000195649	0.314299
0.000195899	0.313831
0.00019615	0.313358
0.0001964	0.312882
0.00019665	0.312401
0.0001969	0.311917
0.00019715	0.311428
0.0001974	0.310934
0.00019765	0.310437
0.0001979	0.309936
0.00019815	0.30943
0.0001984	0.30892
0.00019865	0.308406
0.0001989	0.307888
0.00019915	0.307366
0.0001994	0.30684
0.00019965	0.30631
0.0001999	0.305776
0.00020015	0.305237
0.0002004	0.304695
0.00020065	0.304148
0.0002009	0.303598
0.00020115	0.303043
0.0002014	0.302485
0.00020165	0.301922
0.0002019	0.301356
0.00020215	0.300785
0.0002024	0.300211
0.00020265	0.299632
0.0002029	0.29905
0.00020315	0.298464
0.0002034	0.297874
0.00020365	0.29728
0.0002039	0.296682
0.000204151	0.29608
0.000204401	0.295475
0.000204651	0.294865
0.000204901	0.294252
0.000205151	0.293635
0.000205401	0.293015
0.000205651	0.29239
0.000205901	0.291762
0.000206151	0.29113
0.000206401	0.290495
0.000206651	0.289855
0.000206901	0.289212
0.000207151	0.288566
0.000207401	0.287916
0.000207651	0.287262
0.000207901	0.286605
0.000208151	0.285944
0.000208401	0.28528
0.000208651	0.284612
0.000208901	0.283941
0.000209151	0.283266
0.000209401	0.282588
0.000209651	0.281906
0.000209901	0.281221
0.000210151	0.280533
0.000210401	0.279841
0.000210651	0.279146
0.000210901	0.278448
0.000211151	0.277746
0.000211401	0.277041
0.000211651	0.276333
0.000211901	0.275622
0.000212152	0.274908
0.000212402	0.27419
0.000212652	0.273469
0.000212902	0.272746
0.000213152	0.272019
0.000213402	0.271289
0.000213652	0.270556
0.000213902	0.26982
0.000214152	0.269082
0.000214402	0.26834
0.000214652	0.267595
0.000214902	0.266848
0.000215152	0.266097
0.000215402	0.265344
0.000215652	0.264588
0.000215902	0.26383
0.000216152	0.263068
0.000216402	0.262304
0.000216652	0.261537
0.000216902	0.260768
0.000217152	0.259996
0.000217402	0.259222
0.000217652	0.258444
0.000217902	0.257665
0.000218152	0.256883
0.000218402	0.256098
0.000218652	0.255311
0.000218902	0.254522
0.000219152	0.25373
0.000219402	0.252936
0.000219652	0.25214
0.000219902	0.251341
0.000220153	0.25054
0.000220403	0.249737
0.000220653	0.248932
0.000220903	0.248125
0.000221153	0.247315
0.000221403	0.246504
0.000221653	0.24569
0.000221903	0.244875
0.000222153	0.244058
0.000222403	0.243238
0.000222653	0.242417
0.000222903	0.241594
0.000223153	0.240769
0.000223403	0.239942
0.000223653	0.239114
0.000223903	0.238283
0.000224153	0.237452
0.000224403	0.236618
0.000224653	0.235783
0.000224903	0.234946
0.000225153	0.234108
0.000225403	0.233268
0.000225653	0.232427
0.000225903	0.231584
0.000226153	0.23074
0.000226403	0.229895
0.000226653	0.229048
0.000226903	0.2282
0.000227153	0.22735
0.000227403	0.2265
0.000227653	0.225648
0.000227903	0.224795
0.000228154	0.223941
0.000228404	0.223086
0.000228654	0.22223
0.000228904	0.221373
0.000229154	0.220514
0.000229404	0.219655
0.000229654	0.218795
0.000229904	0.217935
0.000230154	0.217073
0.000230404	0.216211
0.000230654	0.215347
0.000230904	0.214484
0.000231154	0.213619
0.000231404	0.212754
0.000231654	0.211888
0.000231904	0.211022
0.000232154	0.210155
0.000232404	0.209287
0.000232654	0.20842
0.000232904	0.207551
0.000233154	0.206683
0.000233404	0.205814
0.000233654	0.204945
0.000233904	0.204075
0.000234154	0.203205
0.000234404	0.202336
0.000234654	0.201465
0.000234904	0.200595
0.000235154	0.199725
0.000235404	0.198855
0.000235654	0.197984
0.000235904	0.197114
0.000236155	0.196244
0.000236405	0.195374
0.000236655	0.194504
0.000236905	0.193634
0.000237155	0.192765
0.000237405	0.191895
0.000237655	0.191026
0.000237905	0.190158
0.000238155	0.189289
0.000238405	0.188421
0.000238655	0.187554
0.000238905	0.186687
0.000239155	0.18582
0.000239405	0.184954
0.000239655	0.184089
0.000239905	0.183224
0.000240155	0.18236
0.000240405	0.181497
0.000240655	0.180634
0.000240905	0.179772
0.000241155	0.178911
0.000241405	0.178051
0.000241655	0.177192
0.000241905	0.176333
0.000242155	0.175476
0.000242405	0.174619
0.000242655	0.173764
0.000242905	0.172909
0.000243155	0.172056
0.000243405	0.171204
0.000243655	0.170352
0.000243905	0.169503
0.000244156	0.168654
0.000244406	0.167806
0.000244656	0.16696
0.000244906	0.166116
0.000245156	0.165272
0.000245406	0.16443
0.000245656	0.16359
0.000245906	0.16275
0.000246156	0.161913
0.000246406	0.161077
0.000246656	0.160242
0.000246906	0.159409
0.000247156	0.158578
0.000247406	0.157748
0.000247656	0.15692
0.000247906	0.156094
0.000248156	0.15527
0.000248406	0.154447
0.000248656	0.153626
0.000248906	0.152807
0.000249156	0.15199
0.000249406	0.151175
0.000249656	0.150362
0.000249906	0.149551
0.000250156	0.148742
0.000250406	0.147935
0.000250656	0.14713
0.000250906	0.146327
0.000251156	0.145526
0.000251406	0.144728
0.000251656	0.143931
0.000251906	0.143137
0.000252157	0.142345
0.000252407	0.141556
0.000252657	0.140769
0.000252907	0.139984
0.000253157	0.139201
0.000253407	0.138421
0.000253657	0.137643
0.000253907	0.136868
0.000254157	0.136096
0.000254407	0.135325
0.000254657	0.134558
0.000254907	0.133793
0.000255157	0.13303
0.000255407	0.132271
0.000255657	0.131513
0.000255907	0.130759
0.000256157	0.130007
0.000256407	0.129258
0.000256657	0.128512
0.000256907	0.127769
0.000257157	0.127028
0.000257407	0.12629
0.000257657	0.125556
0.000257907	0.124824
0.000258157	0.124094
0.000258407	0.123368
0.000258657	0.122645
0.000258907	0.121925
0.000259157	0.121208
0.000259407	0.120494
0.000259657	0.119783
0.000259907	0.119075
0.000260158	0.11837
0.000260408	0.117668
0.000260658	0.11697
0.000260908	0.116274
0.000261158	0.115582
0.000261408	0.114893
0.000261658	0.114208
0.000261908	0.113525
0.000262158	0.112846
0.000262408	0.11217
0.000262658	0.111497
0.000262908	0.110828
0.000263158	0.110162
0.000263408	0.1095
0.000263658	0.108841
0.000263908	0.108185
0.000264158	0.107533
0.000264408	0.106884
0.000264658	0.106239
0.000264908	0.105597
0.000265158	0.104959
0.000265408	0.104324
0.000265658	0.103693
0.000265908	0.103065
0.000266158	0.102441
0.000266408	0.101821
0.000266658	0.101204
0.000266908	0.100591
0.000267158	0.0999812
0.000267408	0.0993753
0.000267658	0.098773
0.000267908	0.0981745
0.000268159	0.0975796
0.000268409	0.0969885
0.000268659	0.096401
0.000268909	0.0958174
0.000269159	0.0952374
0.000269409	0.0946613
0.000269659	0.0940889
0.000269909	0.0935203
0.000270159	0.0929556
0.000270409	0.0923946
0.000270659	0.0918375
0.000270909	0.0912842
0.000271159	0.0907348
0.000271409	0.0901892
0.000271659	0.0896475
0.000271909	0.0891097
0.000272159	0.0885757
0.000272409	0.0880457
0.000272659	0.0875196
0.000272909	0.0869974
0.000273159	0.0864791
0.000273409	0.0859647
0.000273659	0.0854544
0.000273909	0.0849479
0.000274159	0.0844454
0.000274409	0.0839469
0.000274659	0.0834524
0.000274909	0.0829618
0.000275159	0.0824752
0.000275409	0.0819926
0.000275659	0.081514
0.000275909	0.0810395
0.00027616	0.0805689
0.00027641	0.0801023
0.00027666	0.0796398
0.00027691	0.0791813
0.00027716	0.0787268
0.00027741	0.0782763
0.00027766	0.0778299
0.00027791	0.0773875
0.00027816	0.0769491
0.00027841	0.0765148
0.00027866	0.0760845
0.00027891	0.0756583
0.00027916	0.0752361
0.00027941	0.074818
0.00027966	0.0744039
0.00027991	0.0739939
0.00028016	0.0735879
0.00028041	0.073186
0.00028066	0.0727882
0.00028091	0.0723943
0.00028116	0.0720046
0.00028141	0.0716189
0.00028166	0.0712372
0.00028191	0.0708596
0.00028216	0.0704861
0.00028241	0.0701165
0.00028266	0.0697511
0.00028291	0.0693896
0.00028316	0.0690322
0.00028341	0.0686789
0.00028366	0.0683295
0.00028391	0.0679842
0.000284161	0.067643
0.000284411	0.0673057
0.000284661	0.0669725
0.000284911	0.0666432
0.000285161	0.066318
0.000285411	0.0659968
0.000285661	0.0656796
0.000285911	0.0653663
0.000286161	0.0650571
0.000286411	0.0647518
0.000286661	0.0644505
0.000286911	0.0641531
0.000287161	0.0638597
0.000287411	0.0635703
0.000287661	0.0632848
0.000287911	0.0630033
0.000288161	0.0627256
0.000288411	0.0624519
0.000288661	0.0621821
0.000288911	0.0619162
0.000289161	0.0616542
0.000289411	0.0613961
0.000289661	0.0611418
0.000289911	0.0608914
0.000290161	0.0606449
0.000290411	0.0604022
0.000290661	0.0601633
0.000290911	0.0599282
0.000291161	0.059697
0.000291411	0.0594696
0.000291661	0.0592459
0.000291911	0.059026
0.000292162	0.0588099
0.000292412	0.0585976
0.000292662	0.0583889
0.000292912	0.0581841
0.000293162	0.0579829
0.000293412	0.0577854
0.000293662	0.0575916
0.000293912	0.0574015
0.000294162	0.057215
0.000294412	0.0570322
0.000294662	0.056853
0.000294912	0.0566774
0.000295162	0.0565055
0.000295412	0.0563371
0.000295662	0.0561723
0.000295912	0.056011
0.000296162	0.0558533
0.000296412	0.0556991
0.000296662	0.0555484
0.000296912	0.0554013
0.000297162	0.0552576
0.000297412	0.0551173
0.000297662	0.0549805
0.000297912	0.0548471
0.000298162	0.0547172
0.000298412	0.0545906
0.000298662	0.0544674
0.000298912	0.0543475
0.000299162	0.054231
0.000299412	0.0541178
0.000299662	0.0540079
0.000299912	0.0539013
0.000300163	0.053798
0.000300413	0.0536979
0.000300663	0.053601
0.000300913	0.0535074
0.000301163	0.0534169
0.000301413	0.0533296
0.000301663	0.0532455
0.000301913	0.0531644
0.000302163	0.0530865
0.000302413	0.0530117
0.000302663	0.0529399
0.000302913	0.0528712
0.000303163	0.0528056
0.000303413	0.0527429
0.000303663	0.0526832
0.000303913	0.0526265
0.000304163	0.0525727
0.000304413	0.0525218
0.000304663	0.0524739
0.000304913	0.0524288
0.000305163	0.0523865
0.000305413	0.0523472
0.000305663	0.0523106
0.000305913	0.0522768
0.000306163	0.0522458
0.000306413	0.0522175
0.000306663	0.0521919
0.000306913	0.0521691
0.000307163	0.0521489
0.000307413	0.0521313
0.000307663	0.0521164
0.000307913	0.0521041
0.000308164	0.0520944
0.000308414	0.0520873
0.000308664	0.0520827
0.000308914	0.0520806
0.000309164	0.0520809
0.000309414	0.0520838
0.000309664	0.0520891
0.000309914	0.0520968
0.000310164	0.0521069
0.000310414	0.0521193
0.000310664	0.0521341
0.000310914	0.0521512
0.000311164	0.0521707
0.000311414	0.0521923
0.000311664	0.0522163
0.000311914	0.0522424
0.000312164	0.0522707
0.000312414	0.0523012
0.000312664	0.0523339
0.000312914	0.0523687
0.000313164	0.0524055
0.000313414	0.0524444
0.000313664	0.0524854
0.000313914	0.0525284
0.000314164	0.0525734
0.000314414	0.0526203
0.000314664	0.0526692
0.000314914	0.05272
0.000315164	0.0527727
0.000315414	0.0528272
0.000315664	0.0528836
0.000315914	0.0529418
0.000316165	0.0530018
0.000316415	0.0530635
0.000316665	0.053127
0.000316915	0.0531921
0.000317165	0.053259
0.000317415	0.0533275
0.000317665	0.0533976
0.000317915	0.0534694
0.000318165	0.0535427
0.000318415	0.0536175
0.000318665	0.0536939
0.000318915	0.0537718
0.000319165	0.0538511
0.000319415	0.0539319
0.000319665	0.0540141
0.000319915	0.0540977
0.000320165	0.0541826
0.000320415	0.0542689
0.000320665	0.0543565
0.000320915	0.0544454
0.000321165	0.0545356
0.000321415	0.0546269
0.000321665	0.0547195
0.000321915	0.0548133
0.000322165	0.0549082
0.000322415	0.0550042
0.000322665	0.0551013
0.000322915	0.0551995
0.000323165	0.0552988
0.000323415	0.0553991
0.000323665	0.0555003
0.000323915	0.0556026
0.000324166	0.0557057
0.000324416	0.0558098
0.000324666	0.0559148
0.000324916	0.0560206
0.000325166	0.0561273
0.000325416	0.0562348
0.000325666	0.056343
0.000325916	0.0564521
0.000326166	0.0565618
0.000326416	0.0566723
0.000326666	0.0567834
0.000326916	0.0568952
0.000327166	0.0570076
0.000327416	0.0571206
0.000327666	0.0572342
0.000327916	0.0573484
0.000328166	0.057463
0.000328416	0.0575782
0.000328666	0.0576938
0.000328916	0.0578099
0.000329166	0.0579264
0.000329416	0.0580433
0.000329666	0.0581606
0.000329916	0.0582783
0.000330166	0.0583962
0.000330416	0.0585144
0.000330666	0.058633
0.000330916	0.0587517
0.000331166	0.0588707
0.000331416	0.0589899
0.000331666	0.0591092
0.000331916	0.0592287
0.000332167	0.0593484
0.000332417	0.0594681
0.000332667	0.0595879
0.000332917	0.0597077
0.000333167	0.0598276
0.000333417	0.0599475
0.000333667	0.0600673
0.000333917	0.0601872
0.000334167	0.0603069
0.000334417	0.0604265
0.000334667	0.0605461
0.000334917	0.0606655
0.000335167	0.0607847
0.000335417	0.0609037
0.000335667	0.0610226
0.000335917	0.0611412
0.000336167	0.0612595
0.000336417	0.0613776
0.000336667	0.0614954
0.000336917	0.0616128
0.000337167	0.0617299
0.000337417	0.0618467
0.000337667	0.061963
0.000337917	0.0620789
0.000338167	0.0621944
0.000338417	0.0623095
0.000338667	0.062424
0.000338917	0.0625381
0.000339167	0.0626517
0.000339417	0.0627647
0.000339667	0.0628771
0.000339917	0.062989
0.000340168	0.0631003
0.000340418	0.0632109
0.000340668	0.0633209
0.000340918	0.0634302
0.000341168	0.0635389
0.000341418	0.0636468
0.000341668	0.063754
0.000341918	0.0638605
0.000342168	0.0639662
0.000342418	0.0640711
0.000342668	0.0641752
0.000342918	0.0642785
0.000343168	0.064381
0.000343418	0.0644826
0.000343668	0.0645833
0.000343918	0.0646831
0.000344168	0.064782
0.000344418	0.0648799
0.000344668	0.064977
0.000344918	0.065073
0.000345168	0.0651681
0.000345418	0.0652621
0.000345668	0.0653551
0.000345918	0.0654471
0.000346168	0.0655381
0.000346418	0.0656279
0.000346668	0.0657167
0.000346918	0.0658043
0.000347168	0.0658909
0.000347418	0.0659763
0.000347668	0.0660605
0.000347918	0.0661436
0.000348169	0.0662255
0.000348419	0.0663061
0.000348669	0.0663856
0.000348919	0.0664638
0.000349169	0.0665408
0.000349419	0.0666165
0.000349669	0.066691
0.000349919	0.0667641
0.000350169	0.0668359
0.000350419	0.0669065
0.000350669	0.0669756
0.000350919	0.0670435
0.000351169	0.06711
0.000351419	0.0671751
0.000351669	0.0672388
0.000351919	0.0673011
0.000352169	0.067362
0.000352419	0.0674215
0.000352669	0.0674795
0.000352919	0.0675361
0.000353169	0.0675912
0.000353419	0.0676448
0.000353669	0.067697
0.000353919	0.0677477
0.000354169	0.0677968
0.000354419	0.0678445
0.000354669	0.0678906
0.000354919	0.0679351
0.000355169	0.0679781
0.000355419	0.0680196
0.000355669	0.0680595
0.000355919	0.0680978
0.00035617	0.0681345
0.00035642	0.0681696
0.00035667	0.0682031
0.00035692	0.068235
0.00035717	0.0682652
0.00035742	0.0682938
0.00035767	0.0683208
0.00035792	0.0683461
0.00035817	0.0683697
0.00035842	0.0683917
0.00035867	0.068412
0.00035892	0.0684307
0.00035917	0.0684476
0.00035942	0.0684628
0.00035967	0.0684763
0.00035992	0.0684881
0.00036017	0.0684982
0.00036042	0.0685066
0.00036067	0.0685132
0.00036092	0.0685181
0.00036117	0.0685213
0.00036142	0.0685227
0.00036167	0.0685223
0.00036192	0.0685202
0.00036217	0.0685163
0.00036242	0.0685107
0.00036267	0.0685033
0.00036292	0.0684941
0.00036317	0.0684831
0.00036342	0.0684703
0.00036367	0.0684558
0.00036392	0.0684394
0.000364171	0.0684213
0.000364421	0.0684013
0.000364671	0.0683796
0.000364921	0.068356
0.000365171	0.0683307
0.000365421	0.0683035
0.000365671	0.0682745
0.000365921	0.0682437
0.000366171	0.0682111
0.000366421	0.0681767
0.000366671	0.0681404
0.000366921	0.0681023
0.000367171	0.0680625
0.000367421	0.0680207
0.000367671	0.0679772
0.000367921	0.0679318
0.000368171	0.0678847
0.000368421	0.0678356
0.000368671	0.0677848
0.000368921	0.0677322
0.000369171	0.0676777
0.000369421	0.0676214
0.000369671	0.0675632
0.000369921	0.0675033
0.000370171	0.0674415
0.000370421	0.067378
0.000370671	0.0673126
0.000370921	0.0672454
0.000371171	0.0671763
0.000371421	0.0671055
0.000371671	0.0670329
0.000371921	0.0669584
0.000372172	0.0668822
0.000372422	0.0668041
0.000372672	0.0667243
0.000372922	0.0666427
0.000373172	0.0665593
0.000373422	0.066474
0.000373672	0.0663871
0.000373922	0.0662983
0.000374172	0.0662077
0.000374422	0.0661154
0.000374672	0.0660214
0.000374922	0.0659255
0.000375172	0.0658279
0.000375422	0.0657286
0.000375672	0.0656275
0.000375922	0.0655247
0.000376172	0.0654201
0.000376422	0.0653138
0.000376672	0.0652058
0.000376922	0.0650961
0.000377172	0.0649846
0.000377422	0.0648715
0.000377672	0.0647567
0.000377922	0.0646401
0.000378172	0.0645219
0.000378422	0.064402
0.000378672	0.0642805
0.000378922	0.0641572
0.000379172	0.0640323
0.000379422	0.0639058
0.000379672	0.0637776
0.000379922	0.0636478
0.000380173	0.0635164
0.000380423	0.0633834
0.000380673	0.0632487
0.000380923	0.0631125
0.000381173	0.0629746
0.000381423	0.0628352
0.000381673	0.0626942
0.000381923	0.0625516
0.000382173	0.0624075
0.000382423	0.0622619
0.000382673	0.0621147
0.000382923	0.061966
0.000383173	0.0618157
0.000383423	0.061664
0.000383673	0.0615108
0.000383923	0.061356
0.000384173	0.0611998
0.000384423	0.0610422
0.000384673	0.060883
0.000384923	0.0607225
0.000385173	0.0605605
0.000385423	0.0603971
0.000385673	0.0602322
0.000385923	0.060066
0.000386173	0.0598984
0.000386423	0.0597294
0.000386673	0.059559
0.000386923	0.0593873
0.000387173	0.0592143
0.000387423	0.0590399
0.000387673	0.0588642
0.000387923	0.0586872
0.000388174	0.0585089
0.000388424	0.0583293
0.000388674	0.0581484
0.000388924	0.0579663
0.000389174	0.057783
0.000389424	0.0575984
0.000389674	0.0574126
0.000389924	0.0572256
0.000390174	0.0570374
0.000390424	0.056848
0.000390674	0.0566574
0.000390924	0.0564657
0.000391174	0.0562729
0.000391424	0.0560789
0.000391674	0.0558839
0.000391924	0.0556877
0.000392174	0.0554904
0.000392424	0.0552921
0.000392674	0.0550927
0.000392924	0.0548923
0.000393174	0.0546908
0.000393424	0.0544884
0.000393674	0.0542849
0.000393924	0.0540804
0.000394174	0.053875
0.000394424	0.0536686
0.000394674	0.0534613
0.000394924	0.0532531
0.000395174	0.0530439
0.000395424	0.0528338
0.000395674	0.0526229
0.000395924	0.0524111
0.000396175	0.0521984
0.000396425	0.0519849
0.000396675	0.0517706
0.000396925	0.0515554
0.000397175	0.0513395
0.000397425	0.0511228
0.000397675	0.0509053
0.000397925	0.0506871
0.000398175	0.0504681
0.000398425	0.0502485
0.000398675	0.0500281
0.000398925	0.049807
0.000399175	0.0495853
0.000399425	0.0493629
0.000399675	0.0491399
0.000399925	0.0489163
0.000400175	0.048692
0.000400425	0.0484672
0.000400675	0.0482418
0.000400925	0.0480158
0.000401175	0.0477893
0.000401425	0.0475623
0.000401675	0.0473347
0.000401925	0.0471066
0.000402175	0.0468781
0.000402425	0.0466491
0.000402675	0.0464197
0.000402925	0.0461898
0.000403175	0.0459595
0.000403425	0.0457288
0.000403675	0.0454977
0.000403925	0.0452663
0.000404176	0.0450345
0.000404426	0.0448024
0.000404676	0.0445699
0.000404926	0.0443371
0.000405176	0.0441041
0.000405426	0.0438708
0.000405676	0.0436372
0.000405926	0.0434034
0.000406176	0.0431694
0.000406426	0.0429351
0.000406676	0.0427007
0.000406926	0.0424661
0.000407176	0.0422314
0.000407426	0.0419964
0.000407676	0.0417614
0.000407926	0.0415263
0.000408176	0.041291
0.000408426	0.0410557
0.000408676	0.0408204
0.000408926	0.0405849
0.000409176	0.0403495
0.000409426	0.040114
0.000409676	0.0398786
0.000409926	0.0396431
0.000410176	0.0394077
0.000410426	0.0391724
0.000410676	0.0389371
0.000410926	0.0387019
0.000411176	0.0384667
0.000411426	0.0382317
0.000411676	0.0379969
0.000411926	0.0377621
0.000412177	0.0375276
0.000412427	0.0372932
0.000412677	0.037059
0.000412927	0.036825
0.000413177	0.0365912
0.000413427	0.0363577
0.000413677	0.0361244
0.000413927	0.0358914
0.000414177	0.0356587
0.000414427	0.0354262
0.000414677	0.0351941
0.000414927	0.0349623
0.000415177	0.0347309
0.000415427	0.0344998
0.000415677	0.0342691
0.000415927	0.0340388
0.000416177	0.0338089
0.000416427	0.0335794
0.000416677	0.0333504
0.000416927	0.0331217
0.000417177	0.0328936
0.000417427	0.0326659
0.000417677	0.0324388
0.000417927	0.0322121
0.000418177	0.031986
0.000418427	0.0317604
0.000418677	0.0315353
0.000418927	0.0313108
0.000419177	0.0310869
0.000419427	0.0308636
0.000419677	0.0306409
0.000419927	0.0304188
0.000420178	0.0301973
0.000420428	0.0299765
0.000420678	0.0297563
0.000420928	0.0295369
0.000421178	0.0293181
0.000421428	0.0291
0.000421678	0.0288826
0.000421928	0.028666
0.000422178	0.0284501
0.000422428	0.0282349
0.000422678	0.0280205
0.000422928	0.0278069
0.000423178	0.0275941
0.000423428	0.0273821
0.000423678	0.027171
0.000423928	0.0269606
0.000424178	0.0267511
0.000424428	0.0265424
0.000424678	0.0263347
0.000424928	0.0261278
0.000425178	0.0259218
0.000425428	0.0257166
0.000425678	0.0255125
0.000425928	0.0253092
0.000426178	0.0251069
0.000426428	0.0249055
0.000426678	0.0247051
0.000426928	0.0245057
0.000427178	0.0243072
0.000427428	0.0241098
0.000427678	0.0239133
0.000427928	0.0237179
0.000428179	0.0235235
0.000428429	0.0233301
0.000428679	0.0231378
0.000428929	0.0229465
0.000429179	0.0227564
0.000429429	0.0225673
0.000429679	0.0223792
0.000429929	0.0221923
0.000430179	0.0220065
0.000430429	0.0218219
0.000430679	0.0216383
0.000430929	0.0214559
0.000431179	0.0212746
0.000431429	0.0210945
0.000431679	0.0209156
0.000431929	0.0207378
0.000432179	0.0205613
0.000432429	0.0203859
0.000432679	0.0202117
0.000432929	0.0200388
0.000433179	0.019867
0.000433429	0.0196965
0.000433679	0.0195272
0.000433929	0.0193592
0.000434179	0.0191924
0.000434429	0.0190269
0.000434679	0.0188626
0.000434929	0.0186997
0.000435179	0.018538
0.000435429	0.0183776
0.000435679	0.0182185
0.000435929	0.0180607
0.00043618	0.0179042
0.00043643	0.017749
0.00043668	0.0175952
0.00043693	0.0174427
0.00043718	0.0172915
0.00043743	0.0171417
0.00043768	0.0169932
0.00043793	0.0168461
0.00043818	0.0167003
0.00043843	0.0165559
0.00043868	0.0164129
0.00043893	0.0162713
0.00043918	0.016131
0.00043943	0.0159922
0.00043968	0.0158547
0.00043993	0.0157186
0.00044018	0.015584
0.00044043	0.0154507
0.00044068	0.0153189
0.00044093	0.0151885
0.00044118	0.0150595
0.00044143	0.0149319
0.00044168	0.0148058
0.00044193	0.0146811
0.00044218	0.0145578
0.00044243	0.014436
0.00044268	0.0143157
0.00044293	0.0141967
0.00044318	0.0140793
0.00044343	0.0139633
0.00044368	0.0138487
0.00044393	0.0137356
0.000444181	0.013624
0.000444431	0.0135139
0.000444681	0.0134052
0.000444931	0.013298
0.000445181	0.0131922
0.000445431	0.013088
0.000445681	0.0129852
0.000445931	0.0128839
0.000446181	0.0127841
0.000446431	0.0126857
0.000446681	0.0125889
0.000446931	0.0124935
0.000447181	0.0123996
0.000447431	0.0123072
0.000447681	0.0122163
0.000447931	0.0121269
0.000448181	0.012039
0.000448431	0.0119526
0.000448681	0.0118676
0.000448931	0.0117842
0.000449181	0.0117022
0.000449431	0.0116218
0.000449681	0.0115428
0.000449931	0.0114653
0.000450181	0.0113893
0.000450431	0.0113148
0.000450681	0.0112418
0.000450931	0.0111702
0.000451181	0.0111002
0.000451431	0.0110316
0.000451681	0.0109645
0.000451931	0.010899
0.000452182	0.0108348
0.000452432	0.0107722
0.000452682	0.0107111
0.000452932	0.0106514
0.000453182	0.0105932
0.000453432	0.0105364
0.000453682	0.0104812
0.000453932	0.0104274
0.000454182	0.0103751
0.000454432	0.0103242
0.000454682	0.0102748
0.000454932	0.0102268
0.000455182	0.0101803
0.000455432	0.0101353
0.000455682	0.0100917
0.000455932	0.0100495
0.000456182	0.0100088
0.000456432	0.00996954
0.000456682	0.0099317
0.000456932	0.00989528
0.000457182	0.00986029
0.000457432	0.00982672
0.000457682	0.00979456
0.000457932	0.00976382
0.000458182	0.00973449
0.000458432	0.00970656
0.000458682	0.00968002
0.000458932	0.00965489
0.000459182	0.00963114
0.000459432	0.00960877
0.000459682	0.00958779
0.000459932	0.00956818
0.000460183	0.00954994
0.000460433	0.00953306
0.000460683	0.00951753
0.000460933	0.00950336
0.000461183	0.00949054
0.000461433	0.00947905
0.000461683	0.00946891
0.000461933	0.00946008
0.000462183	0.00945258
0.000462433	0.0094464
0.000462683	0.00944152
0.000462933	0.00943795
0.000463183	0.00943568
0.000463433	0.00943469
0.000463683	0.00943499
0.000463933	0.00943656
0.000464183	0.0094394
0.000464433	0.0094435
0.000464683	0.00944886
0.000464933	0.00945546
0.000465183	0.00946331
0.000465433	0.00947239
0.000465683	0.00948269
0.000465933	0.00949421
0.000466183	0.00950693
0.000466433	0.00952086
0.000466683	0.00953599
0.000466933	0.0095523
0.000467183	0.00956979
0.000467433	0.00958844
0.000467683	0.00960826
0.000467933	0.00962923
0.000468184	0.00965134
0.000468434	0.0096746
0.000468684	0.00969897
0.000468934	0.00972447
0.000469184	0.00975108
0.000469434	0.00977879
0.000469684	0.00980759
0.000469934	0.00983747
0.000470184	0.00986843
0.000470434	0.00990045
0.000470684	0.00993353
0.000470934	0.00996765
0.000471184	0.0100028
0.000471434	0.010039
0.000471684	0.0100762
0.000471934	0.0101144
0.000472184	0.0101536
0.000472434	0.0101938
0.000472684	0.010235
0.000472934	0.0102772
0.000473184	0.0103203
0.000473434	0.0103644
0.000473684	0.0104094
0.000473934	0.0104553
0.000474184	0.0105021
0.000474434	0.0105499
0.000474684	0.0105986
0.000474934	0.0106481
0.000475184	0.0106986
0.000475434	0.0107498
0.000475684	0.010802
0.000475934	0.010855
0.000476185	0.0109088
0.000476435	0.0109635
0.000476685	0.011019
0.000476935	0.0110753
0.000477185	0.0111324
0.000477435	0.0111902
0.000477685	0.0112489
0.000477935	0.0113083
0.000478185	0.0113684
0.000478435	0.0114293
0.000478685	0.0114909
0.000478935	0.0115532
0.000479185	0.0116163
0.000479435	0.01168
0.000479685	0.0117444
0.000479935	0.0118095
0.000480185	0.0118753
0.000480435	0.0119417
0.000480685	0.0120087
0.000480935	0.0120764
0.000481185	0.0121447
0.000481435	0.0122136
0.000481685	0.0122831
0.000481935	0.0123531
0.000482185	0.0124238
0.000482435	0.012495
0.000482685	0.0125667
0.000482935	0.012639
0.000483185	0.0127118
0.000483435	0.0127852
0.000483685	0.012859
0.000483935	0.0129333
0.000484186	0.0130081
0.000484436	0.0130834
0.000484686	0.0131591
0.000484936	0.0132353
0.000485186	0.0133119
0.000485436	0.0133889
0.000485686	0.0134663
0.000485936	0.0135441
0.000486186	0.0136223
0.000486436	0.0137009
0.000486686	0.0137799
0.000486936	0.0138592
0.000487186	0.0139388
0.000487436	0.0140188
0.000487686	0.0140991
0.000487936	0.0141797
0.000488186	0.0142605
0.000488436	0.0143417
0.000488686	0.0144231
0.000488936	0.0145048
0.000489186	0.0145868
0.000489436	0.0146689
0.000489686	0.0147513
0.000489936	0.0148339
0.000490186	0.0149167
0.000490436	0.0149997
0.000490686	0.0150829
0.000490936	0.0151662
0.000491186	0.0152497
0.000491436	0.0153333
0.000491686	0.0154171
0.000491936	0.015501
0.000492187	0.015585
0.000492437	0.015669
0.000492687	0.0157532
0.000492937	0.0158374
0.000493187	0.0159217
0.000493437	0.0160061
0.000493687	0.0160905
0.000493937	0.0161749
0.000494187	0.0162593
0.000494437	0.0163438
0.000494687	0.0164282
0.000494937	0.0165126
0.000495187	0.016597
0.000495437	0.0166814
0.000495687	0.0167657
0.000495937	0.0168499
0.000496187	0.0169341
0.000496437	0.0170182
0.000496687	0.0171021
0.000496937	0.017186
0.000497187	0.0172698
0.000497437	0.0173534
0.000497687	0.0174369
0.000497937	0.0175203
0.000498187	0.0176035
0.000498437	0.0176865
0.000498687	0.0177694
0.000498937	0.017852
0.000499187	0.0179345
0.000499437	0.0180167
0.000499687	0.0180988
0.000499937	0.0181805
0.000500188	0.0182621
0.000500438	0.0183434
0.000500688	0.0184244
0.000500938	0.0185052
0.000501188	0.0185857
0.000501438	0.0186658
0.000501688	0.0187457
0.000501938	0.0188253
0.000502188	0.0189045
0.000502438	0.0189834
0.000502688	0.019062
0.000502938	0.0191402
0.000503188	0.0192181
0.000503438	0.0192955
0.000503688	0.0193726
0.000503938	0.0194494
0.000504188	0.0195257
0.000504438	0.0196016
0.000504688	0.0196771
0.000504938	0.0197521
0.000505188	0.0198267
0.000505438	0.0199009
0.000505688	0.0199746
0.000505938	0.0200479
0.000506188	0.0201207
0.000506438	0.020193
0.000506688	0.0202648
0.000506938	0.0203361
0.000507188	0.0204069
0.000507438	0.0204772
0.000507688	0.020547
0.000507938	0.0206162
0.000508189	0.0206849
0.000508439	0.0207531
0.000508689	0.0208207
0.000508939	0.0208877
0.000509189	0.0209542
0.000509439	0.02102
0.000509689	0.0210853
0.000509939	0.02115
0.000510189	0.0212141
0.000510439	0.0212776
0.000510689	0.0213405
0.000510939	0.0214027
0.000511189	0.0214643
0.000511439	0.0215253
0.000511689	0.0215856
0.000511939	0.0216452
0.000512189	0.0217043
0.000512439	0.0217626
0.000512689	0.0218202
0.000512939	0.0218772
0.000513189	0.0219335
0.000513439	0.0219891
0.000513689	0.022044
0.000513939	0.0220982
0.000514189	0.0221517
0.000514439	0.0222044
0.000514689	0.0222564
0.000514939	0.0223077
0.000515189	0.0223583
0.000515439	0.0224081
0.000515689	0.0224572
0.000515939	0.0225055
0.00051619	0.022553
0.00051644	0.0225998
0.00051669	0.0226458
0.00051694	0.022691
0.00051719	0.0227355
0.00051744	0.0227792
0.00051769	0.022822
0.00051794	0.0228641
0.00051819	0.0229054
0.00051844	0.0229458
0.00051869	0.0229855
0.00051894	0.0230243
0.00051919	0.0230624
0.00051944	0.0230996
0.00051969	0.0231359
0.00051994	0.0231715
0.00052019	0.0232062
0.00052044	0.02324
0.00052069	0.023273
0.00052094	0.0233052
0.00052119	0.0233365
0.00052144	0.0233669
0.00052169	0.0233965
0.00052194	0.0234253
0.00052219	0.0234531
0.00052244	0.0234801
0.00052269	0.0235063
0.00052294	0.0235315
0.00052319	0.0235559
0.00052344	0.0235794
0.00052369	0.023602
0.00052394	0.0236237
0.000524191	0.0236446
0.000524441	0.0236645
0.000524691	0.0236836
0.000524941	0.0237017
0.000525191	0.023719
0.000525441	0.0237353
0.000525691	0.0237508
0.000525941	0.0237653
0.000526191	0.023779
0.000526441	0.0237917
0.000526691	0.0238036
0.000526941	0.0238145
0.000527191	0.0238245
0.000527441	0.0238336
0.000527691	0.0238418
0.000527941	0.023849
0.000528191	0.0238554
0.000528441	0.0238608
0.000528691	0.0238653
0.000528941	0.0238689
0.000529191	0.0238716
0.000529441	0.0238734
0.000529691	0.0238742
0.000529941	0.0238742
0.000530191	0.0238732
0.000530441	0.0238713
0.000530691	0.0238684
0.000530941	0.0238647
0.000531191	0.02386
0.000531441	0.0238544
0.000531691	0.0238479
0.000531941	0.0238405
0.000532192	0.0238321
0.000532442	0.0238228
0.000532692	0.0238127
0.000532942	0.0238016
0.000533192	0.0237895
0.000533442	0.0237766
0.000533692	0.0237628
0.000533942	0.023748
0.000534192	0.0237324
0.000534442	0.0237158
0.000534692	0.0236983
0.000534942	0.0236799
0.000535192	0.0236606
0.000535442	0.0236405
0.000535692	0.0236194
0.000535942	0.0235974
0.000536192	0.0235745
0.000536442	0.0235507
0.000536692	0.023526
0.000536942	0.0235005
0.000537192	0.023474
0.000537442	0.0234467
0.000537692	0.0234185
0.000537942	0.0233894
0.000538192	0.0233594
0.000538442	0.0233285
0.000538692	0.0232968
0.000538942	0.0232642
0.000539192	0.0232308
0.000539442	0.0231965
0.000539692	0.0231613
0.000539942	0.0231252
0.000540193	0.0230884
0.000540443	0.0230506
0.000540693	0.023012
0.000540943	0.0229726
0.000541193	0.0229324
0.000541443	0.0228913
0.000541693	0.0228493
0.000541943	0.0228066
0.000542193	0.022763
0.000542443	0.0227186
0.000542693	0.0226734
0.000542943	0.0226274
0.000543193	0.0225806
0.000543443	0.022533
0.000543693	0.0224845
0.000543943	0.0224353
0.000544193	0.0223853
0.000544443	0.0223345
0.000544693	0.022283
0.000544943	0.0222307
0.000545193	0.0221775
0.000545443	0.0221237
0.000545693	0.0220691
0.000545943	0.0220137
0.000546193	0.0219575
0.000546443	0.0219007
0.000546693	0.0218431
0.000546943	0.0217847
0.000547193	0.0217257
0.000547443	0.0216659
0.000547693	0.0216054
0.000547943	0.0215442
0.000548194	0.0214822
0.000548444	0.0214196
0.000548694	0.0213563
0.000548944	0.0212923
0.000549194	0.0212276
0.000549444	0.0211623
0.000549694	0.0210963
0.000549944	0.0210296
0.000550194	0.0209622
0.000550444	0.0208943
0.000550694	0.0208256
0.000550944	0.0207563
0.000551194	0.0206864
0.000551444	0.0206159
0.000551694	0.0205448
0.000551944	0.020473
0.000552194	0.0204006
0.000552444	0.0203277
0.000552694	0.0202541
0.000552944	0.02018
0.000553194	0.0201053
0.000553444	0.02003
0.000553694	0.0199541
0.000553944	0.0198777
0.000554194	0.0198007
0.000554444	0.0197232
0.000554694	0.0196452
0.000554944	0.0195666
0.000555194	0.0194875
0.000555444	0.0194079
0.000555694	0.0193278
0.000555944	0.0192472
0.000556195	0.019166
0.000556445	0.0190844
0.000556695	0.0190024
0.000556945	0.0189198
0.000557195	0.0188368
0.000557445	0.0187533
0.000557695	0.0186694
0.000557945	0.0185851
0.000558195	0.0185003
0.000558445	0.018415
0.000558695	0.0183294
0.000558945	0.0182434
0.000559195	0.0181569
0.000559445	0.0180701
0.000559695	0.0179828
0.000559945	0.0178952
0.000560195	0.0178072
0.000560445	0.0177189
0.000560695	0.0176302
0.000560945	0.0175411
0.000561195	0.0174517
0.000561445	0.017362
0.000561695	0.017272
0.000561945	0.0171816
0.000562195	0.0170909
0.000562445	0.017
0.000562695	0.0169087
0.000562945	0.0168171
0.000563195	0.0167253
0.000563445	0.0166332
0.000563695	0.0165409
0.000563945	0.0164483
0.000564196	0.0163554
0.000564446	0.0162623
0.000564696	0.016169
0.000564946	0.0160755
0.000565196	0.0159817
0.000565446	0.0158878
0.000565696	0.0157937
0.000565946	0.0156993
0.000566196	0.0156048
0.000566446	0.0155102
0.000566696	0.0154153
0.000566946	0.0153203
0.000567196	0.0152252
0.000567446	0.0151299
0.000567696	0.0150345
0.000567946	0.014939
0.000568196	0.0148434
0.000568446	0.0147476
0.000568696	0.0146518
0.000568946	0.0145558
0.000569196	0.0144598
0.000569446	0.0143638
0.000569696	0.0142676
0.000569946	0.0141714
0.000570196	0.0140752
0.000570446	0.0139789
0.000570696	0.0138826
0.000570946	0.0137863
0.000571196	0.0136899
0.000571446	0.0135935
0.000571696	0.0134972
0.000571946	0.0134008
0.000572197	0.0133045
0.000572447	0.0132082
0.000572697	0.013112
0.000572947	0.0130157
0.000573197	0.0129196
0.000573447	0.0128234
0.000573697	0.0127274
0.000573947	0.0126314
0.000574197	0.0125355
0.000574447	0.0124397
0.000574697	0.012344
0.000574947	0.0122484
0.000575197	0.0121529
0.000575447	0.0120575
0.000575697	0.0119623
0.000575947	0.0118672
0.000576197	0.0117722
0.000576447	0.0116774
0.000576697	0.0115828
0.000576947	0.0114883
0.000577197	0.011394
0.000577447	0.0112999
0.000577697	0.011206
0.000577947	0.0111123
0.000578197	0.0110187
0.000578447	0.0109254
0.000578697	0.0108323
0.000578947	0.0107395
0.000579197	0.0106469
0.000579447	0.0105545
0.000579697	0.0104624
0.000579947	0.0103705
0.000580198	0.0102789
0.000580448	0.0101875
0.000580698	0.0100965
0.000580948	0.0100057
0.000581198	0.00991525
0.000581448	0.00982508
0.000581698	0.00973521
0.000581948	0.00964566
0.000582198	0.00955643
0.000582448	0.00946753
0.000582698	0.00937897
0.000582948	0.00929075
0.000583198	0.00920287
0.000583448	0.00911536
0.000583698	0.0090282
0.000583948	0.00894142
0.000584198	0.00885501
0.000584448	0.00876898
0.000584698	0.00868334
0.000584948	0.0085981
0.000585198	0.00851326
0.000585448	0.00842882
0.000585698	0.0083448
0.000585948	0.0082612
0.000586198	0.00817803
0.000586448	0.00809529
0.000586698	0.00801299
0.000586948	0.00793114
0.000587198	0.00784973
0.000587448	0.00776879
0.000587698	0.0076883
0.000587948	0.00760829
0.000588199	0.00752874
0.000588449	0.00744968
0.000588699	0.00737111
0.000588949	0.00729302
0.000589199	0.00721544
0.000589449	0.00713835
0.000589699	0.00706178
0.000589949	0.00698571
0.000590199	0.00691017
0.000590449	0.00683515
0.000590699	0.00676066
0.000590949	0.0066867
0.000591199	0.00661328
0.000591449	0.00654041
0.000591699	0.00646808
0.000591949	0.00639631
0.000592199	0.0063251
0.000592449	0.00625445
0.000592699	0.00618437
0.000592949	0.00611486
0.000593199	0.00604593
0.000593449	0.00597759
0.000593699	0.00590983
0.000593949	0.00584266
0.000594199	0.00577609
0.000594449	0.00571011
0.000594699	0.00564474
0.000594949	0.00557998
0.000595199	0.00551583
0.000595449	0.0054523
0.000595699	0.00538938
0.000595949	0.00532709
0.0005962	0.00526543
0.00059645	0.0052044
0.0005967	0.005144
0.00059695	0.00508424
0.0005972	0.00502513
0.00059745	0.00496666
0.0005977	0.00490884
0.00059795	0.00485167
0.0005982	0.00479515
0.00059845	0.0047393
0.0005987	0.00468411
0.00059895	0.00462958
0.0005992	0.00457572
0.00059945	0.00452253
0.0005997	0.00447001
0.00059995	0.00441818
0.0006002	0.00436702
0.00060045	0.00431654
0.0006007	0.00426674
0.00060095	0.00421764
0.0006012	0.00416922
0.00060145	0.00412149
0.0006017	0.00407446
0.00060195	0.00402812
0.0006022	0.00398248
0.00060245	0.00393755
0.0006027	0.00389331
0.00060295	0.00384978
0.0006032	0.00380695
0.00060345	0.00376483
0.0006037	0.00372342
0.00060395	0.00368273
0.000604201	0.00364274
0.000604451	0.00360347
0.000604701	0.00356491
0.000604951	0.00352707
0.000605201	0.00348995
0.000605451	0.00345355
0.000605701	0.00341787
0.000605951	0.00338291
0.000606201	0.00334867
0.000606451	0.00331516
0.000606701	0.00328237
0.000606951	0.0032503
0.000607201	0.00321897
0.000607451	0.00318835
0.000607701	0.00315847
0.000607951	0.00312931
0.000608201	0.00310088
0.000608451	0.00307317
0.000608701	0.0030462
0.000608951	0.00301995
0.000609201	0.00299444
0.000609451	0.00296965
0.000609701	0.00294559
0.000609951	0.00292226
0.000610201	0.00289966
0.000610451	0.00287778
0.000610701	0.00285664
0.000610951	0.00283622
0.000611201	0.00281652
0.000611451	0.00279756
0.000611701	0.00277932
0.000611951	0.00276181
0.000612202	0.00274502
0.000612452	0.00272895
0.000612702	0.00271361
0.000612952	0.00269899
0.000613202	0.00268509
0.000613452	0.00267191
0.000613702	0.00265945
0.000613952	0.00264771
0.000614202	0.00263669
0.000614452	0.00262638
0.000614702	0.00261678
0.000614952	0.0026079
0.000615202	0.00259972
0.000615452	0.00259226
0.000615702	0.0025855
0.000615952	0.00257945
0.000616202	0.0025741
0.000616452	0.00256946
0.000616702	0.00256551
0.000616952	0.00256227
0.000617202	0.00255972
0.000617452	0.00255786
0.000617702	0.00255669
0.000617952	0.00255622
0.000618202	0.00255643
0.000618452	0.00255733
0.000618702	0.00255891
0.000618952	0.00256117
0.000619202	0.0025641
0.000619452	0.00256771
0.000619702	0.002572
0.000619952	0.00257695
0.000620203	0.00258257
0.000620453	0.00258885
0.000620703	0.0025958
0.000620953	0.0026034
0.000621203	0.00261166
0.000621453	0.00262056
0.000621703	0.00263012
0.000621953	0.00264032
0.000622203	0.00265117
0.000622453	0.00266265
0.000622703	0.00267477
0.000622953	0.00268752
0.000623203	0.0027009
0.000623453	0.0027149
0.000623703	0.00272952
0.000623953	0.00274476
0.000624203	0.00276062
0.000624453	0.00277709
0.000624703	0.00279416
0.000624953	0.00281183
0.000625203	0.00283011
0.000625453	0.00284897
0.000625703	0.00286843
0.000625953	0.00288848
0.000626203	0.0029091
0.000626453	0.00293031
0.000626703	0.00295209
0.000626953	0.00297443
0.000627203	0.00299735
0.000627453	0.00302082
0.000627703	0.00304485
0.000627953	0.00306944
0.000628204	0.00309457
0.000628454	0.00312024
0.000628704	0.00314645
0.000628954	0.0031732
0.000629204	0.00320048
0.000629454	0.00322827
0.000629704	0.00325659
0.000629954	0.00328543
0.000630204	0.00331477
0.000630454	0.00334462
0.000630704	0.00337497
0.000630954	0.00340581
0.000631204	0.00343715
0.000631454	0.00346897
0.000631704	0.00350127
0.000631954	0.00353404
0.000632204	0.00356729
0.000632454	0.003601
0.000632704	0.00363516
0.000632954	0.00366979
0.000633204	0.00370486
0.000633454	0.00374037
0.000633704	0.00377632
0.000633954	0.00381271
0.000634204	0.00384952
0.000634454	0.00388675
0.000634704	0.0039244
0.000634954	0.00396247
0.000635204	0.00400093
0.000635454	0.0040398
0.000635704	0.00407906
0.000635954	0.0041187
0.000636205	0.00415873
0.000636455	0.00419914
0.000636705	0.00423992
0.000636955	0.00428106
0.000637205	0.00432256
0.000637455	0.00436442
0.000637705	0.00440663
0.000637955	0.00444917
0.000638205	0.00449206
0.000638455	0.00453527
0.000638705	0.00457881
0.000638955	0.00462266
0.000639205	0.00466683
0.000639455	0.00471131
0.000639705	0.00475609
0.000639955	0.00480116
0.000640205	0.00484652
0.000640455	0.00489216
0.000640705	0.00493808
0.000640955	0.00498426
0.000641205	0.00503072
0.000641455	0.00507743
0.000641705	0.00512439
0.000641955	0.0051716
0.000642205	0.00521905
0.000642455	0.00526673
0.000642705	0.00531464
0.000642955	0.00536277
0.000643205	0.00541112
0.000643455	0.00545967
0.000643705	0.00550843
0.000643955	0.00555738
0.000644206	0.00560652
0.000644456	0.00565585
0.000644706	0.00570536
0.000644956	0.00575503
0.000645206	0.00580488
0.000645456	0.00585488
0.000645706	0.00590503
0.000645956	0.00595533
0.000646206	0.00600577
0.000646456	0.00605634
0.000646706	0.00610704
0.000646956	0.00615786
0.000647206	0.0062088
0.000647456	0.00625985
0.000647706	0.006311
0.000647956	0.00636224
0.000648206	0.00641358
0.000648456	0.00646499
0.000648706	0.00651649
0.000648956	0.00656806
0.000649206	0.00661969
0.000649456	0.00667138
0.000649706	0.00672312
0.000649956	0.00677491
0.000650206	0.00682674
0.000650456	0.0068786
0.000650706	0.00693049
0.000650956	0.00698241
0.000651206	0.00703433
0.000651456	0.00708627
0.000651706	0.00713821
0.000651956	0.00719014
0.000652207	0.00724207
0.000652457	0.00729398
0.000652707	0.00734587
0.000652957	0.00739773
0.000653207	0.00744956
0.000653457	0.00750134
0.000653707	0.00755309
0.000653957	0.00760477
0.000654207	0.00765641
0.000654457	0.00770797
0.000654707	0.00775947
0.000654957	0.00781089
0.000655207	0.00786223
0.000655457	0.00791348
0.000655707	0.00796464
0.000655957	0.00801569
0.000656207	0.00806664
0.000656457	0.00811748
0.000656707	0.00816821
0.000656957	0.00821881
0.000657207	0.00826928
0.000657457	0.00831961
0.000657707	0.00836981
0.000657957	0.00841986
0.000658207	0.00846976
0.000658457	0.0085195
0.000658707	0.00856908
0.000658957	0.00861848
0.000659207	0.00866772
0.000659457	0.00871677
0.000659707	0.00876564
0.000659957	0.00881432
0.000660208	0.00886281
0.000660458	0.00891109
0.000660708	0.00895916
0.000660958	0.00900702
0.000661208	0.00905467
0.000661458	0.00910209
0.000661708	0.00914928
0.000661958	0.00919624
0.000662208	0.00924296
0.000662458	0.00928944
0.000662708	0.00933567
0.000662958	0.00938164
0.000663208	0.00942735
0.000663458	0.0094728
0.000663708	0.00951798
0.000663958	0.00956289
0.000664208	0.00960752
0.000664458	0.00965186
0.000664708	0.00969592
0.000664958	0.00973968
0.000665208	0.00978314
0.000665458	0.0098263
0.000665708	0.00986915
0.000665958	0.00991169
0.000666208	0.00995392
0.000666458	0.00999582
0.000666708	0.0100374
0.000666958	0.0100786
0.000667208	0.0101195
0.000667458	0.0101601
0.000667708	0.0102003
0.000667958	0.0102402
0.000668209	0.0102797
0.000668459	0.0103189
0.000668709	0.0103577
0.000668959	0.0103962
0.000669209	0.0104342
0.000669459	0.0104719
0.000669709	0.0105093
0.000669959	0.0105462
0.000670209	0.0105828
0.000670459	0.0106189
0.000670709	0.0106547
0.000670959	0.0106901
0.000671209	0.0107251
0.000671459	0.0107597
0.000671709	0.0107938
0.000671959	0.0108276
0.000672209	0.0108609
0.000672459	0.0108939
0.000672709	0.0109264
0.000672959	0.0109584
0.000673209	0.0109901
0.000673459	0.0110213
0.000673709	0.0110521
0.000673959	0.0110825
0.000674209	0.0111124
0.000674459	0.0111418
0.000674709	0.0111708
0.000674959	0.0111994
0.000675209	0.0112275
0.000675459	0.0112552
0.000675709	0.0112824
0.000675959	0.0113091
0.00067621	0.0113354
0.00067646	0.0113612
0.00067671	0.0113865
0.00067696	0.0114114
0.00067721	0.0114358
0.00067746	0.0114597
0.00067771	0.0114831
0.00067796	0.0115061
0.00067821	0.0115286
0.00067846	0.0115506
0.00067871	0.011572
0.00067896	0.0115931
0.00067921	0.0116136
0.00067946	0.0116336
0.00067971	0.0116531
0.00067996	0.0116721
0.00068021	0.0116906
0.00068046	0.0117087
0.00068071	0.0117262
0.00068096	0.0117432
0.00068121	0.0117597
0.00068146	0.0117757
0.00068171	0.0117912
0.00068196	0.0118062
0.00068221	0.0118206
0.00068246	0.0118346
0.00068271	0.011848
0.00068296	0.0118609
0.00068321	0.0118733
0.00068346	0.0118852
0.00068371	0.0118965
0.00068396	0.0119073
0.000684211	0.0119177
0.000684461	0.0119274
0.000684711	0.0119367
0.000684961	0.0119454
0.000685211	0.0119537
0.000685461	0.0119613
0.000685711	0.0119685
0.000685961	0.0119751
0.000686211	0.0119812
0.000686461	0.0119868
0.000686711	0.0119918
0.000686961	0.0119963
0.000687211	0.0120003
0.000687461	0.0120038
0.000687711	0.0120067
0.000687961	0.0120091
0.000688211	0.0120109
0.000688461	0.0120123
0.000688711	0.0120131
0.000688961	0.0120133
0.000689211	0.0120131
0.000689461	0.0120123
0.000689711	0.012011
0.000689961	0.0120091
0.000690211	0.0120067
0.000690461	0.0120038
0.000690711	0.0120004
0.000690961	0.0119964
0.000691211	0.0119919
0.000691461	0.0119869
0.000691711	0.0119813
0.000691961	0.0119753
0.000692212	0.0119687
0.000692462	0.0119615
0.000692712	0.0119539
0.000692962	0.0119457
0.000693212	0.011937
0.000693462	0.0119278
0.000693712	0.0119181
0.000693962	0.0119078
0.000694212	0.0118971
0.000694462	0.0118858
0.000694712	0.011874
0.000694962	0.0118617
0.000695212	0.0118489
0.000695462	0.0118355
0.000695712	0.0118217
0.000695962	0.0118074
0.000696212	0.0117925
0.000696462	0.0117772
0.000696712	0.0117613
0.000696962	0.011745
0.000697212	0.0117281
0.000697462	0.0117107
0.000697712	0.0116929
0.000697962	0.0116746
0.000698212	0.0116557
0.000698462	0.0116364
0.000698712	0.0116166
0.000698962	0.0115963
0.000699212	0.0115755
0.000699462	0.0115543
0.000699712	0.0115326
0.000699962	0.0115104
0.000700213	0.0114877
0.000700463	0.0114645
0.000700713	0.0114409
0.000700963	0.0114168
0.000701213	0.0113923
0.000701463	0.0113673
0.000701713	0.0113418
0.000701963	0.0113159
0.000702213	0.0112895
0.000702463	0.0112627
0.000702713	0.0112354
0.000702963	0.0112077
0.000703213	0.0111795
0.000703463	0.0111509
0.000703713	0.0111219
0.000703963	0.0110924
0.000704213	0.0110625
0.000704463	0.0110322
0.000704713	0.0110015
0.000704963	0.0109703
0.000705213	0.0109387
0.000705463	0.0109067
0.000705713	0.0108743
0.000705963	0.0108415
0.000706213	0.0108083
0.000706463	0.0107747
0.000706713	0.0107407
0.000706963	0.0107063
0.000707213	0.0106715
0.000707463	0.0106363
0.000707713	0.0106007
0.000707963	0.0105648
0.000708214	0.0105284
0.000708464	0.0104917
0.000708714	0.0104547
0.000708964	0.0104172
0.000709214	0.0103794
0.000709464	0.0103413
0.000709714	0.0103028
0.000709964	0.0102639
0.000710214	0.0102248
0.000710464	0.0101852
0.000710714	0.0101453
0.000710964	0.0101051
0.000711214	0.0100646
0.000711464	0.0100237
0.000711714	0.00998254
0.000711964	0.00994103
0.000712214	0.00989921
0.000712464	0.00985709
0.000712714	0.00981465
0.000712964	0.00977192
0.000713214	0.00972889
0.000713464	0.00968557
0.000713714	0.00964196
0.000713964	0.00959806
0.000714214	0.00955389
0.000714464	0.00950944
0.000714714	0.00946472
0.000714964	0.00941973
0.000715214	0.00937448
0.000715464	0.00932897
0.000715714	0.00928321
0.000715964	0.0092372
0.000716215	0.00919094
0.000716465	0.00914445
0.000716715	0.00909772
0.000716965	0.00905076
0.000717215	0.00900357
0.000717465	0.00895616
0.000717715	0.00890853
0.000717965	0.0088607
0.000718215	0.00881265
0.000718465	0.0087644
0.000718715	0.00871595
0.000718965	0.00866731
0.000719215	0.00861848
0.000719465	0.00856946
0.000719715	0.00852026
0.000719965	0.00847089
0.000720215	0.00842135
0.000720465	0.00837164
0.000720715	0.00832177
0.000720965	0.00827174
0.000721215	0.00822157
0.000721465	0.00817124
0.000721715	0.00812077
0.000721965	0.00807017
0.000722215	0.00801944
0.000722465	0.00796857
0.000722715	0.00791759
0.000722965	0.00786648
0.000723215	0.00781526
0.000723465	0.00776394
0.000723715	0.00771251
0.000723965	0.00766098
0.000724216	0.00760936
0.000724466	0.00755765
0.000724716	0.00750585
0.000724966	0.00745398
0.000725216	0.00740203
0.000725466	0.00735001
0.000725716	0.00729793
0.000725966	0.00724578
0.000726216	0.00719358
0.000726466	0.00714133
0.000726716	0.00708904
0.000726966	0.00703671
0.000727216	0.00698433
0.000727466	0.00693193
0.000727716	0.00687951
0.000727966	0.00682706
0.000728216	0.00677459
0.000728466	0.00672212
0.000728716	0.00666963
0.000728966	0.00661715
0.000729216	0.00656466
0.000729466	0.00651219
0.000729716	0.00645973
0.000729966	0.00640728
0.000730216	0.00635486
0.000730466	0.00630246
0.000730716	0.0062501
0.000730966	0.00619777
0.000731216	0.00614548
0.000731466	0.00609324
0.000731716	0.00604105
0.000731966	0.00598891
0.000732217	0.00593684
0.000732467	0.00588483
0.000732717	0.00583288
0.000732967	0.00578102
0.000733217	0.00572923
0.000733467	0.00567752
0.000733717	0.0056259
0.000733967	0.00557437
0.000734217	0.00552294
0.000734467	0.00547162
0.000734717	0.00542039
0.000734967	0.00536928
0.000735217	0.00531829
0.000735467	0.00526741
0.000735717	0.00521666
0.000735967	0.00516603
0.000736217	0.00511554
0.000736467	0.00506519
0.000736717	0.00501498
0.000736967	0.00496491
0.000737217	0.004915
0.000737467	0.00486524
0.000737717	0.00481564
0.000737967	0.0047662
0.000738217	0.00471693
0.000738467	0.00466783
0.000738717	0.00461891
0.000738967	0.00457017
0.000739217	0.00452161
0.000739467	0.00447325
0.000739717	0.00442507
0.000739967	0.0043771
0.000740218	0.00432932
0.000740468	0.00428175
0.000740718	0.00423439
0.000740968	0.00418724
0.000741218	0.00414031
0.000741468	0.0040936
0.000741718	0.00404712
0.000741968	0.00400086
0.000742218	0.00395484
0.000742468	0.00390905
0.000742718	0.00386351
0.000742968	0.00381821
0.000743218	0.00377316
0.000743468	0.00372836
0.000743718	0.00368381
0.000743968	0.00363953
0.000744218	0.0035955
0.000744468	0.00355175
0.000744718	0.00350826
0.000744968	0.00346505
0.000745218	0.00342211
0.000745468	0.00337946
0.000745718	0.00333708
0.000745968	0.003295
0.000746218	0.00325321
0.000746468	0.00321171
0.000746718	0.00317051
0.000746968	0.0031296
0.000747218	0.00308901
0.000747468	0.00304872
0.000747718	0.00300874
0.000747968	0.00296907
0.000748219	0.00292972
0.000748469	0.00289069
0.000748719	0.00285198
0.000748969	0.0028136
0.000749219	0.00277554
0.000749469	0.00273782
0.000749719	0.00270043
0.000749969	0.00266338
0.000750219	0.00262667
0.000750469	0.0025903
0.000750719	0.00255428
0.000750969	0.0025186
0.000751219	0.00248328
0.000751469	0.00244831
0.000751719	0.00241369
0.000751969	0.00237943
0.000752219	0.00234554
0.000752469	0.002312
0.000752719	0.00227884
0.000752969	0.00224604
0.000753219	0.00221361
0.000753469	0.00218155
0.000753719	0.00214987
0.000753969	0.00211857
0.000754219	0.00208765
0.000754469	0.0020571
0.000754719	0.00202695
0.000754969	0.00199717
0.000755219	0.00196779
0.000755469	0.00193879
0.000755719	0.00191019
0.000755969	0.00188198
0.00075622	0.00185416
0.00075647	0.00182674
0.00075672	0.00179972
0.00075697	0.0017731
0.00075722	0.00174689
0.00075747	0.00172107
0.00075772	0.00169566
0.00075797	0.00167066
0.00075822	0.00164607
0.00075847	0.00162189
0.00075872	0.00159812
0.00075897	0.00157476
0.00075922	0.00155181
0.00075947	0.00152928
0.00075972	0.00150717
0.00075997	0.00148547
0.00076022	0.0014642
0.00076047	0.00144334
0.00076072	0.0014229
0.00076097	0.00140289
0.00076122	0.0013833
0.00076147	0.00136413
0.00076172	0.00134539
0.00076197	0.00132707
0.00076222	0.00130918
0.00076247	0.00129172
0.00076272	0.00127469
0.00076297	0.00125808
0.00076322	0.0012419
0.00076347	0.00122615
0.00076372	0.00121084
0.00076397	0.00119595
0.000764221	0.0011815
0.000764471	0.00116747
0.000764721	0.00115388
0.000764971	0.00114072
0.000765221	0.00112799
0.000765471	0.0011157
0.000765721	0.00110384
0.000765971	0.00109241
0.000766221	0.00108142
0.000766471	0.00107086
0.000766721	0.00106073
0.000766971	0.00105103
0.000767221	0.00104177
0.000767471	0.00103294
0.000767721	0.00102455
0.000767971	0.00101659
0.000768221	0.00100906
0.000768471	0.00100196
0.000768721	0.000995291
0.000768971	0.000989056
0.000769221	0.000983252
0.000769471	0.000977879
0.000769721	0.000972935
0.000769971	0.000968421
0.000770221	0.000964336
0.000770471	0.00096068
0.000770721	0.000957451
0.000770971	0.000954649
0.000771221	0.000952272
0.000771471	0.000950322
0.000771721	0.000948795
0.000771971	0.000947693
0.000772222	0.000947013
0.000772472	0.000946754
0.000772722	0.000946917
0.000772972	0.000947499
0.000773222	0.000948499
0.000773472	0.000949917
0.000773722	0.000951751
0.000773972	0.000954
0.000774222	0.000956663
0.000774472	0.000959739
0.000774722	0.000963225
0.000774972	0.000967122
0.000775222	0.000971427
0.000775472	0.000976138
0.000775722	0.000981256
0.000775972	0.000986777
0.000776222	0.0009927
0.000776472	0.000999024
0.000776722	0.00100575
0.000776972	0.00101287
0.000777222	0.00102039
0.000777472	0.0010283
0.000777722	0.0010366
0.000777972	0.00104529
0.000778222	0.00105437
0.000778472	0.00106384
0.000778722	0.00107369
0.000778972	0.00108393
0.000779222	0.00109455
0.000779472	0.00110554
0.000779722	0.00111691
0.000779972	0.00112866
0.000780223	0.00114078
0.000780473	0.00115326
0.000780723	0.00116612
0.000780973	0.00117934
0.000781223	0.00119293
0.000781473	0.00120687
0.000781723	0.00122118
0.000781973	0.00123584
0.000782223	0.00125085
0.000782473	0.00126622
0.000782723	0.00128194
0.000782973	0.001298
0.000783223	0.0013144
0.000783473	0.00133115
0.000783723	0.00134824
0.000783973	0.00136566
0.000784223	0.00138341
0.000784473	0.0014015
0.000784723	0.00141991
0.000784973	0.00143865
0.000785223	0.00145772
0.000785473	0.0014771
0.000785723	0.0014968
0.000785973	0.00151681
0.000786223	0.00153713
0.000786473	0.00155776
0.000786723	0.0015787
0.000786973	0.00159994
0.000787223	0.00162148
0.000787473	0.00164331
0.000787723	0.00166544
0.000787973	0.00168786
0.000788224	0.00171057
0.000788474	0.00173356
0.000788724	0.00175682
0.000788974	0.00178037
0.000789224	0.00180419
0.000789474	0.00182829
0.000789724	0.00185265
0.000789974	0.00187727
0.000790224	0.00190216
0.000790474	0.0019273
0.000790724	0.0019527
0.000790974	0.00197835
0.000791224	0.00200425
0.000791474	0.0020304
0.000791724	0.00205678
0.000791974	0.0020834
0.000792224	0.00211026
0.000792474	0.00213735
0.000792724	0.00216466
0.000792974	0.0021922
0.000793224	0.00221996
0.000793474	0.00224793
0.000793724	0.00227612
0.000793974	0.00230452
0.000794224	0.00233312
0.000794474	0.00236193
0.000794724	0.00239094
0.000794974	0.00242014
0.000795224	0.00244953
0.000795474	0.00247911
0.000795724	0.00250887
0.000795974	0.00253882
0.000796225	0.00256894
0.000796475	0.00259924
0.000796725	0.0026297
0.000796975	0.00266033
0.000797225	0.00269112
0.000797475	0.00272207
0.000797725	0.00275318
0.000797975	0.00278443
0.000798225	0.00281583
0.000798475	0.00284738
0.000798725	0.00287906
0.000798975	0.00291088
0.000799225	0.00294283
0.000799475	0.00297491
0.000799725	0.00300711
0.000799975	0.00303943
0.000800225	0.00307187
0.000800475	0.00310442
0.000800725	0.00313708
0.000800975	0.00316985
0.000801225	0.00320271
0.000801475	0.00323567
0.000801725	0.00326873
0.000801975	0.00330187
0.000802225	0.0033351
0.000802475	0.00336841
0.000802725	0.00340179
0.000802975	0.00343525
0.000803225	0.00346878
0.000803475	0.00350238
0.000803725	0.00353603
0.000803975	0.00356975
0.000804226	0.00360352
0.000804476	0.00363734
0.000804726	0.0036712
0.000804976	0.00370511
0.000805226	0.00373905
0.000805476	0.00377303
0.000805726	0.00380704
0.000805976	0.00384108
0.000806226	0.00387514
0.000806476	0.00390922
0.000806726	0.00394331
0.000806976	0.00397741
0.000807226	0.00401152
0.000807476	0.00404564
0.000807726	0.00407975
0.000807976	0.00411386
0.000808226	0.00414796
0.000808476	0.00418205
0.000808726	0.00421612
0.000808976	0.00425018
0.000809226	0.00428421
0.000809476	0.00431821
0.000809726	0.00435218
0.000809976	0.00438611
0.000810226	0.00442001
0.000810476	0.00445386
0.000810726	0.00448767
0.000810976	0.00452143
0.000811226	0.00455513
0.000811476	0.00458878
0.000811726	0.00462236
0.000811976	0.00465588
0.000812227	0.00468933
0.000812477	0.00472271
0.000812727	0.00475601
0.000812977	0.00478923
0.000813227	0.00482237
0.000813477	0.00485542
0.000813727	0.00488838
0.000813977	0.00492125
0.000814227	0.00495401
0.000814477	0.00498668
0.000814727	0.00501924
0.000814977	0.00505169
0.000815227	0.00508403
0.000815477	0.00511626
0.000815727	0.00514836
0.000815977	0.00518034
0.000816227	0.0052122
0.000816477	0.00524392
0.000816727	0.00527552
0.000816977	0.00530697
0.000817227	0.00533829
0.000817477	0.00536946
0.000817727	0.00540049
0.000817977	0.00543136
0.000818227	0.00546209
0.000818477	0.00549265
0.000818727	0.00552306
0.000818977	0.0055533
0.000819227	0.00558338
0.000819477	0.00561329
0.000819727	0.00564302
0.000819977	0.00567258
0.000820228	0.00570196
0.000820478	0.00573116
0.000820728	0.00576017
0.000820978	0.00578899
0.000821228	0.00581763
0.000821478	0.00584606
0.000821728	0.0058743
0.000821978	0.00590234
0.000822228	0.00593018
0.000822478	0.00595781
0.000822728	0.00598523
0.000822978	0.00601244
0.000823228	0.00603943
0.000823478	0.00606621
0.000823728	0.00609277
0.000823978	0.0061191
0.000824228	0.00614521
0.000824478	0.00617108
0.000824728	0.00619673
0.000824978	0.00622214
0.000825228	0.00624732
0.000825478	0.00627225
0.000825728	0.00629695
0.000825978	0.00632139
0.000826228	0.0063456
0.000826478	0.00636955
0.000826728	0.00639325
0.000826978	0.0064167
0.000827228	0.00643989
0.000827478	0.00646282
0.000827728	0.00648548
0.000827978	0.00650789
0.000828229	0.00653003
0.000828479	0.0065519
0.000828729	0.0065735
0.000828979	0.00659482
0.000829229	0.00661588
0.000829479	0.00663665
0.000829729	0.00665715
0.000829979	0.00667736
0.000830229	0.00669729
0.000830479	0.00671694
0.000830729	0.00673629
0.000830979	0.00675536
0.000831229	0.00677414
0.000831479	0.00679263
0.000831729	0.00681082
0.000831979	0.00682871
0.000832229	0.0068463
0.000832479	0.0068636
0.000832729	0.00688059
0.000832979	0.00689728
0.000833229	0.00691366
0.000833479	0.00692974
0.000833729	0.00694551
0.000833979	0.00696097
0.000834229	0.00697612
0.000834479	0.00699095
0.000834729	0.00700547
0.000834979	0.00701967
0.000835229	0.00703356
0.000835479	0.00704713
0.000835729	0.00706038
0.000835979	0.00707331
0.00083623	0.00708591
0.00083648	0.0070982
0.00083673	0.00711015
0.00083698	0.00712178
0.00083723	0.00713309
0.00083748	0.00714407
0.00083773	0.00715472
0.00083798	0.00716503
0.00083823	0.00717502
0.00083848	0.00718468
0.00083873	0.007194
0.00083898	0.00720299
0.00083923	0.00721164
0.00083948	0.00721997
0.00083973	0.00722795
0.00083998	0.0072356
0.00084023	0.00724291
0.00084048	0.00724988
0.00084073	0.00725652
0.00084098	0.00726281
0.00084123	0.00726877
0.00084148	0.00727438
0.00084173	0.00727966
0.00084198	0.00728459
0.00084223	0.00728919
0.00084248	0.00729344
0.00084273	0.00729735
0.00084298	0.00730092
0.00084323	0.00730415
0.00084348	0.00730703
0.00084373	0.00730957
0.00084398	0.00731177
0.000844231	0.00731362
0.000844481	0.00731513
0.000844731	0.0073163
0.000844981	0.00731713
0.000845231	0.00731761
0.000845481	0.00731775
0.000845731	0.00731755
0.000845981	0.007317
0.000846231	0.00731611
0.000846481	0.00731488
0.000846731	0.00731331
0.000846981	0.0073114
0.000847231	0.00730914
0.000847481	0.00730654
0.000847731	0.00730361
0.000847981	0.00730033
0.000848231	0.00729671
0.000848481	0.00729276
0.000848731	0.00728846
0.000848981	0.00728383
0.000849231	0.00727886
0.000849481	0.00727355
0.000849731	0.00726791
0.000849981	0.00726193
0.000850231	0.00725562
0.000850481	0.00724897
0.000850731	0.00724199
0.000850981	0.00723468
0.000851231	0.00722703
0.000851481	0.00721906
0.000851731	0.00721075
0.000851981	0.00720212
0.000852232	0.00719316
0.000852482	0.00718387
0.000852732	0.00717426
0.000852982	0.00716432
0.000853232	0.00715406
0.000853482	0.00714348
0.000853732	0.00713258
0.000853982	0.00712135
0.000854232	0.00710981
0.000854482	0.00709795
0.000854732	0.00708578
0.000854982	0.00707329
0.000855232	0.00706049
0.000855482	0.00704738
0.000855732	0.00703395
0.000855982	0.00702022
0.000856232	0.00700618
0.000856482	0.00699183
0.000856732	0.00697719
0.000856982	0.00696223
0.000857232	0.00694698
0.000857482	0.00693143
0.000857732	0.00691558
0.000857982	0.00689943
0.000858232	0.00688299
0.000858482	0.00686626
0.000858732	0.00684924
0.000858982	0.00683193
0.000859232	0.00681433
0.000859482	0.00679645
0.000859732	0.00677828
0.000859982	0.00675983
0.000860233	0.00674111
0.000860483	0.0067221
0.000860733	0.00670283
0.000860983	0.00668327
0.000861233	0.00666345
0.000861483	0.00664336
0.000861733	0.006623
0.000861983	0.00660238
0.000862233	0.00658149
0.000862483	0.00656034
0.000862733	0.00653894
0.000862983	0.00651728
0.000863233	0.00649536
0.000863483	0.0064732
0.000863733	0.00645078
0.000863983	0.00642812
0.000864233	0.00640522
0.000864483	0.00638207
0.000864733	0.00635868
0.000864983	0.00633506
0.000865233	0.0063112
0.000865483	0.0062871
0.000865733	0.00626278
0.000865983	0.00623823
0.000866233	0.00621346
0.000866483	0.00618846
0.000866733	0.00616325
0.000866983	0.00613781
0.000867233	0.00611217
0.000867483	0.00608631
0.000867733	0.00606024
0.000867983	0.00603396
0.000868234	0.00600748
0.000868484	0.0059808
0.000868734	0.00595392
0.000868984	0.00592685
0.000869234	0.00589958
0.000869484	0.00587212
0.000869734	0.00584448
0.000869984	0.00581665
0.000870234	0.00578864
0.000870484	0.00576044
0.000870734	0.00573208
0.000870984	0.00570354
0.000871234	0.00567483
0.000871484	0.00564595
0.000871734	0.0056169
0.000871984	0.0055877
0.000872234	0.00555833
0.000872484	0.00552881
0.000872734	0.00549914
0.000872984	0.00546932
0.000873234	0.00543935
0.000873484	0.00540923
0.000873734	0.00537898
0.000873984	0.00534859
0.000874234	0.00531806
0.000874484	0.0052874
0.000874734	0.00525661
0.000874984	0.00522569
0.000875234	0.00519466
0.000875484	0.0051635
0.000875734	0.00513223
0.000875984	0.00510084
0.000876235	0.00506934
0.000876485	0.00503773
0.000876735	0.00500603
0.000876985	0.00497421
0.000877235	0.00494231
0.000877485	0.0049103
0.000877735	0.00487821
0.000877985	0.00484602
0.000878235	0.00481375
0.000878485	0.0047814
0.000878735	0.00474897
0.000878985	0.00471646
0.000879235	0.00468388
0.000879485	0.00465123
0.000879735	0.00461852
0.000879985	0.00458574
0.000880235	0.0045529
0.000880485	0.00452
0.000880735	0.00448705
0.000880985	0.00445405
0.000881235	0.004421
0.000881485	0.00438791
0.000881735	0.00435478
0.000881985	0.00432161
0.000882235	0.0042884
0.000882485	0.00425517
0.000882735	0.0042219
0.000882985	0.00418861
0.000883235	0.0041553
0.000883485	0.00412197
0.000883735	0.00408862
0.000883985	0.00405527
0.000884236	0.0040219
0.000884486	0.00398853
0.000884736	0.00395515
0.000884986	0.00392177
0.000885236	0.0038884
0.000885486	0.00385504
0.000885736	0.00382168
0.000885986	0.00378834
0.000886236	0.00375501
0.000886486	0.00372171
0.000886736	0.00368843
0.000886986	0.00365517
0.000887236	0.00362194
0.000887486	0.00358874
0.000887736	0.00355558
0.000887986	0.00352245
0.000888236	0.00348937
0.000888486	0.00345633
0.000888736	0.00342334
0.000888986	0.0033904
0.000889236	0.00335752
0.000889486	0.00332469
0.000889736	0.00329192
0.000889986	0.00325921
0.000890236	0.00322657
0.000890486	0.00319399
0.000890736	0.00316149
0.000890986	0.00312907
0.000891236	0.00309672
0.000891486	0.00306445
0.000891736	0.00303227
0.000891986	0.00300017
0.000892237	0.00296816
0.000892487	0.00293625
0.000892737	0.00290443
0.000892987	0.00287271
0.000893237	0.00284109
0.000893487	0.00280957
0.000893737	0.00277817
0.000893987	0.00274687
0.000894237	0.00271568
0.000894487	0.00268461
0.000894737	0.00265366
0.000894987	0.00262283
0.000895237	0.00259212
0.000895487	0.00256154
0.000895737	0.00253109
0.000895987	0.00250078
0.000896237	0.00247059
0.000896487	0.00244055
0.000896737	0.00241064
0.000896987	0.00238088
0.000897237	0.00235126
0.000897487	0.00232179
0.000897737	0.00229248
0.000897987	0.00226331
0.000898237	0.0022343
0.000898487	0.00220545
0.000898737	0.00217677
0.000898987	0.00214824
0.000899237	0.00211988
0.000899487	0.00209169
0.000899737	0.00206367
0.000899987	0.00203582
0.000900238	0.00200815
0.000900488	0.00198066
0.000900738	0.00195335
0.000900988	0.00192622
0.000901238	0.00189928
0.000901488	0.00187252
0.000901738	0.00184596
0.000901988	0.00181958
0.000902238	0.0017934
0.000902488	0.00176742
0.000902738	0.00174164
0.000902988	0.00171605
0.000903238	0.00169067
0.000903488	0.0016655
0.000903738	0.00164053
0.000903988	0.00161578
0.000904238	0.00159123
0.000904488	0.0015669
0.000904738	0.00154278
0.000904988	0.00151888
0.000905238	0.0014952
0.000905488	0.00147174
0.000905738	0.00144851
0.000905988	0.0014255
0.000906238	0.00140271
0.000906488	0.00138016
0.000906738	0.00135784
0.000906988	0.00133575
0.000907238	0.00131389
0.000907488	0.00129227
0.000907738	0.00127089
0.000907988	0.00124974
0.000908239	0.00122884
0.000908489	0.00120818
0.000908739	0.00118777
0.000908989	0.0011676
0.000909239	0.00114768
0.000909489	0.001128
0.000909739	0.00110858
0.000909989	0.00108941
0.000910239	0.0010705
0.000910489	0.00105183
0.000910739	0.00103343
0.000910989	0.00101528
0.000911239	0.00099739
0.000911489	0.000979761
0.000911739	0.000962394
0.000911989	0.000945289
0.000912239	0.000928448
0.000912489	0.000911872
0.000912739	0.000895563
0.000912989	0.000879521
0.000913239	0.000863747
0.000913489	0.000848243
0.000913739	0.00083301
0.000913989	0.000818048
0.000914239	0.00080336
0.000914489	0.000788944
0.000914739	0.000774804
0.000914989	0.000760939
0.000915239	0.00074735
0.000915489	0.000734038
0.000915739	0.000721005
0.000915989	0.00070825
0.00091624	0.000695775
0.00091649	0.00068358
0.00091674	0.000671666
0.00091699	0.000660034
0.00091724	0.000648684
0.00091749	0.000637617
0.00091774	0.000626834
0.00091799	0.000616335
0.00091824	0.00060612
0.00091849	0.00059619
0.00091874	0.000586546
0.00091899	0.000577188
0.00091924	0.000568117
0.00091949	0.000559332
0.00091974	0.000550834
0.00091999	0.000542624
0.00092024	0.000534701
0.00092049	0.000527067
0.00092074	0.000519721
0.00092099	0.000512663
0.00092124	0.000505893
0.00092149	0.000499413
0.00092174	0.000493221
0.00092199	0.000487318
0.00092224	0.000481704
0.00092249	0.00047638
0.00092274	0.000471344
0.00092299	0.000466597
0.00092324	0.000462139
0.00092349	0.00045797
0.00092374	0.000454089
0.00092399	0.000450497
0.000924241	0.000447193
0.000924491	0.000444178
0.000924741	0.00044145
0.000924991	0.00043901
0.000925241	0.000436857
0.000925491	0.000434991
0.000925741	0.000433412
0.000925991	0.000432119
0.000926241	0.000431112
0.000926491	0.00043039
0.000926741	0.000429954
0.000926991	0.000429801
0.000927241	0.000429933
0.000927491	0.000430347
0.000927741	0.000431045
0.000927991	0.000432025
0.000928241	0.000433286
0.000928491	0.000434828
0.000928741	0.00043665
0.000928991	0.000438752
0.000929241	0.000441132
0.000929491	0.00044379
0.000929741	0.000446725
0.000929991	0.000449937
0.000930241	0.000453423
0.000930491	0.000457185
0.000930741	0.000461219
0.000930991	0.000465527
0.000931241	0.000470106
0.000931491	0.000474956
0.000931741	0.000480075
0.000931991	0.000485463
0.000932242	0.000491119
0.000932492	0.000497041
0.000932742	0.000503228
0.000932992	0.00050968
0.000933242	0.000516394
0.000933492	0.000523371
0.000933742	0.000530607
0.000933992	0.000538104
0.000934242	0.000545858
0.000934492	0.000553869
0.000934742	0.000562135
0.000934992	0.000570655
0.000935242	0.000579428
0.000935492	0.000588452
0.000935742	0.000597726
0.000935992	0.000607249
0.000936242	0.000617018
0.000936492	0.000627033
0.000936742	0.000637292
0.000936992	0.000647793
0.000937242	0.000658535
0.000937492	0.000669516
0.000937742	0.000680735
0.000937992	0.00069219
0.000938242	0.000703879
0.000938492	0.000715801
0.000938742	0.000727954
0.000938992	0.000740336
0.000939242	0.000752945
0.000939492	0.000765781
0.000939742	0.00077884
0.000939992	0.000792122
0.000940243	0.000805623
0.000940493	0.000819344
0.000940743	0.000833281
0.000940993	0.000847432
0.000941243	0.000861797
0.000941493	0.000876372
0.000941743	0.000891157
0.000941993	0.000906148
0.000942243	0.000921345
0.000942493	0.000936744
0.000942743	0.000952345
0.000942993	0.000968145
0.000943243	0.000984141
0.000943493	0.00100033
0.000943743	0.00101672
0.000943993	0.00103329
0.000944243	0.00105006
0.000944493	0.00106701
0.000944743	0.00108414
0.000944993	0.00110146
0.000945243	0.00111895
0.000945493	0.00113663
0.000945743	0.00115448
0.000945993	0.0011725
0.000946243	0.00119069
0.000946493	0.00120905
0.000946743	0.00122758
0.000946993	0.00124628
0.000947243	0.00126513
0.000947493	0.00128415
0.000947743	0.00130332
0.000947993	0.00132264
0.000948244	0.00134212
0.000948494	0.00136175
0.000948744	0.00138153
0.000948994	0.00140145
0.000949244	0.00142152
0.000949494	0.00144172
0.000949744	0.00146207
0.000949994	0.00148255
0.000950244	0.00150316
0.000950494	0.0015239
0.000950744	0.00154478
0.000950994	0.00156577
0.000951244	0.00158689
0.000951494	0.00160814
0.000951744	0.0016295
0.000951994	0.00165097
0.000952244	0.00167256
0.000952494	0.00169426
0.000952744	0.00171607
0.000952994	0.00173798
0.000953244	0.00175999
0.000953494	0.00178211
0.000953744	0.00180433
0.000953994	0.00182663
0.000954244	0.00184904
0.000954494	0.00187153
0.000954744	0.00189411
0.000954994	0.00191677
0.000955244	0.00193952
0.000955494	0.00196234
0.000955744	0.00198525
0.000955994	0.00200822
0.000956245	0.00203127
0.000956495	0.00205439
0.000956745	0.00207758
0.000956995	0.00210082
0.000957245	0.00212413
0.000957495	0.0021475
0.000957745	0.00217092
0.000957995	0.0021944
0.000958245	0.00221793
0.000958495	0.0022415
0.000958745	0.00226512
0.000958995	0.00228878
0.000959245	0.00231248
0.000959495	0.00233622
0.000959745	0.00236
0.000959995	0.0023838
0.000960245	0.00240764
0.000960495	0.0024315
0.000960745	0.00245538
0.000960995	0.00247928
0.000961245	0.00250321
0.000961495	0.00252715
0.000961745	0.0025511
0.000961995	0.00257506
0.000962245	0.00259903
0.000962495	0.00262301
0.000962745	0.00264699
0.000962995	0.00267096
0.000963245	0.00269494
0.000963495	0.00271891
0.000963745	0.00274287
0.000963995	0.00276682
0.000964246	0.00279075
0.000964496	0.00281467
0.000964746	0.00283857
0.000964996	0.00286245
0.000965246	0.00288631
0.000965496	0.00291014
0.000965746	0.00293394
0.000965996	0.00295771
0.000966246	0.00298144
0.000966496	0.00300514
0.000966746	0.0030288
0.000966996	0.00305241
0.000967246	0.00307598
0.000967496	0.0030995
0.000967746	0.00312298
0.000967996	0.0031464
0.000968246	0.00316976
0.000968496	0.00319307
0.000968746	0.00321632
0.000968996	0.00323951
0.000969246	0.00326263
0.000969496	0.00328568
0.000969746	0.00330866
0.000969996	0.00333158
0.000970246	0.00335441
0.000970496	0.00337717
0.000970746	0.00339985
0.000970996	0.00342245
0.000971246	0.00344496
0.000971496	0.00346738
0.000971746	0.00348972
0.000971996	0.00351196
0.000972247	0.00353411
0.000972497	0.00355617
0.000972747	0.00357812
0.000972997	0.00359997
0.000973247	0.00362172
0.000973497	0.00364337
0.000973747	0.0036649
0.000973997	0.00368633
0.000974247	0.00370764
0.000974497	0.00372884
0.000974747	0.00374992
0.000974997	0.00377088
0.000975247	0.00379172
0.000975497	0.00381243
0.000975747	0.00383302
0.000975997	0.00385349
0.000976247	0.00387382
0.000976497	0.00389402
0.000976747	0.00391408
0.000976997	0.00393401
0.000977247	0.0039538
0.000977497	0.00397345
0.000977747	0.00399296
0.000977997	0.00401232
0.000978247	0.00403153
0.000978497	0.0040506
0.000978747	0.00406951
0.000978997	0.00408827
0.000979247	0.00410688
0.000979497	0.00412533
0.000979747	0.00414362
0.000979997	0.00416176
0.000980248	0.00417973
0.000980498	0.00419753
0.000980748	0.00421517
0.000980998	0.00423264
0.000981248	0.00424995
0.000981498	0.00426708
0.000981748	0.00428404
0.000981998	0.00430082
0.000982248	0.00431743
0.000982498	0.00433386
0.000982748	0.0043501
0.000982998	0.00436617
0.000983248	0.00438206
0.000983498	0.00439775
0.000983748	0.00441327
0.000983998	0.00442859
0.000984248	0.00444373
0.000984498	0.00445867
0.000984748	0.00447343
0.000984998	0.00448798
0.000985248	0.00450235
0.000985498	0.00451651
0.000985748	0.00453048
0.000985998	0.00454425
0.000986248	0.00455782
0.000986498	0.00457118
0.000986748	0.00458434
0.000986998	0.0045973
0.000987248	0.00461005
0.000987498	0.00462259
0.000987748	0.00463492
0.000987998	0.00464704
0.000988249	0.00465896
0.000988499	0.00467066
0.000988749	0.00468214
0.000988999	0.00469341
0.000989249	0.00470447
0.000989499	0.00471531
0.000989749	0.00472593
0.000989999	0.00473633
0.000990249	0.00474651
0.000990499	0.00475647
0.000990749	0.00476621
0.000990999	0.00477573
0.000991249	0.00478502
0.000991499	0.00479409
0.000991749	0.00480293
0.000991999	0.00481155
0.000992249	0.00481994
0.000992499	0.0048281
0.000992749	0.00483603
0.000992999	0.00484373
0.000993249	0.00485121
0.000993499	0.00485845
0.000993749	0.00486546
0.000993999	0.00487224
0.000994249	0.00487878
0.000994499	0.0048851
0.000994749	0.00489118
0.000994999	0.00489702
0.000995249	0.00490263
0.000995499	0.004908
0.000995749	0.00491314
0.000995999	0.00491804
0.00099625	0.00492271
0.0009965	0.00492714
0.00099675	0.00493133
0.000997	0.00493528
0.00099725	0.004939
0.0009975	0.00494247
0.00099775	0.00494571
0.000998	0.00494871
0.00099825	0.00495147
0.0009985	0.00495399
0.00099875	0.00495627
0.000999	0.00495831
0.00099925	0.00496011
0.0009995	0.00496167
0.00099975	0.00496299
0.001	0.00496407
